name,x,y
poly_2,30.131,69.666
poly_2,30.085,69.658
poly_2,30.091,69.643
poly_2,30.138,69.644
poly_2,30.185,69.553
poly_2,30.119,69.514
poly_2,30.115,69.468
poly_2,30.035,69.425
poly_2,29.948,69.405
poly_2,29.852,69.423
poly_2,29.723,69.389
poly_2,29.573,69.319
poly_2,29.52,69.329
poly_2,29.391,69.322
poly_2,29.291,69.297
poly_2,29.28,69.254
poly_2,29.314,69.234
poly_2,29.242,69.113
poly_2,29.041,69.011
poly_2,28.929,69.052
poly_2,28.805,69.111
poly_2,28.832,69.224
poly_2,29.219,69.398
poly_2,29.336,69.478
poly_2,29.134,69.695
poly_2,28.404,69.818
poly_2,28.33,69.849
poly_2,28.345,69.881
poly_2,28.161,69.921
poly_2,27.984,70.014
poly_2,27.959,70.092
poly_2,27.744,70.064
poly_2,27.674,70.077
poly_2,27.577,70.067
poly_2,27.524,70.023
poly_2,27.431,70.019
poly_2,27.278,69.979
poly_2,27.296,69.953
poly_2,27.04,69.911
poly_2,26.97,69.938
poly_2,26.878,69.933
poly_2,26.851,69.96
poly_2,26.718,69.945
poly_2,26.679,69.965
poly_2,26.467,69.94
poly_2,26.384,69.854
poly_2,26.243,69.816
poly_2,26.246,69.796
poly_2,26.126,69.735
poly_2,26.007,69.723
poly_2,25.897,69.67
poly_2,25.962,69.636
poly_2,25.947,69.586
poly_2,25.947,69.585
poly_2,25.948,69.583
poly_2,25.841,69.547
poly_2,25.877,69.526
poly_2,25.864,69.476
poly_2,25.793,69.421
poly_2,25.847,69.393
poly_2,25.76,69.34
poly_2,25.73,69.263
poly_2,25.729,69.262
poly_2,25.73,69.262
poly_2,25.706,69.238
poly_2,25.714,69.179
poly_2,25.715,69.179
poly_2,25.719,69.167
poly_2,25.718,69.164
poly_2,25.73,69.152
poly_2,25.733,69.15
poly_2,25.735,69.149
poly_2,25.736,69.149
poly_2,25.739,69.147
poly_2,25.742,69.145
poly_2,25.743,69.144
poly_2,25.743,69.14
poly_2,25.744,69.139
poly_2,25.744,69.138
poly_2,25.743,69.137
poly_2,25.74,69.135
poly_2,25.737,69.134
poly_2,25.735,69.133
poly_2,25.733,69.131
poly_2,25.734,69.13
poly_2,25.733,69.129
poly_2,25.732,69.126
poly_2,25.732,69.125
poly_2,25.728,69.119
poly_2,25.723,69.115
poly_2,25.722,69.113
poly_2,25.722,69.112
poly_2,25.724,69.108
poly_2,25.725,69.107
poly_2,25.726,69.107
poly_2,25.731,69.105
poly_2,25.731,69.102
poly_2,25.733,69.072
poly_2,25.733,69.071
poly_2,25.736,69.069
poly_2,25.737,69.068
poly_2,25.739,69.067
poly_2,25.778,69.019
poly_2,25.741,68.998
poly_2,25.627,68.893
poly_2,25.586,68.883
poly_2,25.514,68.893
poly_2,25.512,68.895
poly_2,25.481,68.905
poly_2,25.398,68.891
poly_2,25.243,68.841
poly_2,25.142,68.787
poly_2,25.131,68.716
poly_2,25.131,68.715
poly_2,25.115,68.638
poly_2,25.069,68.62
poly_2,24.917,68.605
poly_2,24.903,68.555
poly_2,24.857,68.562
poly_2,24.783,68.636
poly_2,24.608,68.682
poly_2,24.251,68.727
poly_2,24.153,68.754
poly_2,24.159,68.79
poly_2,24.076,68.78
poly_2,23.983,68.827
poly_2,23.871,68.837
poly_2,23.775,68.819
poly_2,23.674,68.706
poly_2,23.441,68.692
poly_2,23.168,68.629
poly_2,23.046,68.689
poly_2,22.801,68.688
poly_2,22.535,68.745
poly_2,22.375,68.717
poly_2,22.341,68.827
poly_2,22.192,68.919
poly_2,22.176,68.956
poly_2,21.627,69.277
poly_2,21.279,69.312
poly_2,21.003,69.222
poly_2,20.988,69.192
poly_2,21.056,69.122
poly_2,21.109,69.104
poly_2,21.058,69.036
poly_2,20.717,69.12
poly_2,20.549,69.06
poly_2,20.06,69.046
poly_2,20.306,68.926
poly_2,20.336,68.802
poly_2,20.203,68.666
poly_2,20.052,68.591
poly_2,19.938,68.558
poly_2,20.226,68.491
poly_2,19.921,68.356
poly_2,19.647,68.404
poly_2,19.509,68.428
poly_2,19.472,68.434
poly_2,19.418,68.444
poly_2,19.276,68.468
poly_2,19.259,68.47
poly_2,19.061,68.504
poly_2,19.015,68.512
poly_2,18.927,68.515
poly_2,18.739,68.51
poly_2,18.627,68.507
poly_2,18.621,68.507
poly_2,18.534,68.539
poly_2,18.446,68.569
poly_2,18.406,68.582
poly_2,18.368,68.576
poly_2,18.329,68.569
poly_2,18.271,68.56
poly_2,18.145,68.54
poly_2,18.126,68.537
poly_2,18.116,68.483
poly_2,18.111,68.455
poly_2,18.102,68.412
poly_2,18.104,68.392
poly_2,18.107,68.379
poly_2,18.113,68.348
poly_2,18.116,68.337
poly_2,18.139,68.25
poly_2,18.139,68.248
poly_2,18.121,68.171
poly_2,18.075,68.128
poly_2,18.015,68.074
poly_2,17.954,68.019
poly_2,17.952,68.017
poly_2,17.901,67.97
poly_2,17.861,67.981
poly_2,17.729,68.02
poly_2,17.71,68.025
poly_2,17.535,68.066
poly_2,17.492,68.075
poly_2,17.355,68.104
poly_2,17.308,68.113
poly_2,17.282,68.119
poly_2,17.209,68.071
poly_2,17.044,68.011
poly_2,17.001,67.998
poly_2,16.936,67.979
poly_2,16.738,67.914
poly_2,16.727,67.898
poly_2,16.706,67.865
poly_2,16.668,67.81
poly_2,16.65,67.783
poly_2,16.527,67.622
poly_2,16.459,67.57
poly_2,16.423,67.545
poly_2,16.399,67.534
poly_2,16.302,67.529
poly_2,16.211,67.523
poly_2,16.157,67.519
poly_2,16.136,67.492
poly_2,16.09,67.435
poly_2,16.268,67.307
poly_2,16.403,67.193
poly_2,16.402,67.19
poly_2,16.399,67.163
poly_2,16.396,67.139
poly_2,16.382,67.044
poly_2,16.286,67.012
poly_2,16.274,67.008
poly_2,16.139,66.958
poly_2,16.115,66.947
poly_2,16.031,66.906
poly_2,15.99,66.87
poly_2,15.806,66.734
poly_2,15.533,66.558
poly_2,15.484,66.537
poly_2,15.413,66.503
poly_2,15.377,66.484
poly_2,15.446,66.362
poly_2,15.469,66.278
poly_2,15.334,66.241
poly_2,15.229,66.21
poly_2,15.056,66.16
poly_2,14.93,66.149
poly_2,14.9,66.148
poly_2,14.73,66.141
poly_2,14.626,66.137
poly_2,14.548,66.134
poly_2,14.516,66.133
poly_2,14.545,66.045
poly_2,14.566,65.98
poly_2,14.573,65.958
poly_2,14.575,65.947
poly_2,14.589,65.891
poly_2,14.618,65.829
poly_2,14.53,65.682
poly_2,14.501,65.422
poly_2,14.504,65.344
poly_2,14.506,65.31
poly_2,14.379,65.248
poly_2,14.331,65.133
poly_2,14.24,65.058
poly_2,14.215,65.04
poly_2,14.198,65.028
poly_2,14.109,64.963
poly_2,14.107,64.961
poly_2,14.028,64.9
poly_2,14.002,64.879
poly_2,13.99,64.869
poly_2,13.981,64.862
poly_2,13.939,64.828
poly_2,13.812,64.726
poly_2,13.706,64.64
poly_2,13.703,64.637
poly_2,13.681,64.612
poly_2,13.655,64.581
poly_2,13.654,64.58
poly_2,13.701,64.566
poly_2,13.752,64.55
poly_2,13.872,64.513
poly_2,14.098,64.471
poly_2,14.114,64.462
poly_2,14.149,64.251
poly_2,14.157,64.195
poly_2,13.974,64.014
poly_2,13.813,64.031
poly_2,13.211,64.095
poly_2,13.16,64.089
poly_2,12.955,64.062
poly_2,12.834,64.026
poly_2,12.766,64.003
poly_2,12.686,63.974
poly_2,12.587,63.9
poly_2,12.335,63.718
poly_2,12.308,63.684
poly_2,12.28,63.661
poly_2,12.219,63.627
poly_2,12.15,63.594
poly_2,12.213,63.479
poly_2,12.189,63.456
poly_2,12.148,63.418
poly_2,12.136,63.406
poly_2,12.084,63.356
poly_2,12.06,63.337
poly_2,12.032,63.315
poly_2,11.975,63.269
poly_2,11.975,63.268
poly_2,12.024,63.215
poly_2,12.052,63.183
poly_2,12.092,63.14
poly_2,12.199,63.021
poly_2,12.218,63
poly_2,12.178,62.973
poly_2,12.15,62.954
poly_2,12.085,62.91
poly_2,12.075,62.903
poly_2,12.093,62.856
poly_2,12.104,62.83
poly_2,12.119,62.792
poly_2,12.136,62.748
poly_2,12.112,62.706
poly_2,12.091,62.672
poly_2,12.074,62.642
poly_2,12.056,62.612
poly_2,12.165,62.458
poly_2,12.255,62.331
poly_2,12.298,62.265
poly_2,12.256,62.119
poly_2,12.241,62.075
poly_2,12.183,61.872
poly_2,12.182,61.868
poly_2,12.141,61.734
poly_2,12.142,61.721
poly_2,12.42,61.563
poly_2,12.568,61.568
poly_2,12.84,61.379
poly_2,12.853,61.37
poly_2,12.871,61.356
poly_2,12.87,61.355
poly_2,12.846,61.291
poly_2,12.836,61.264
poly_2,12.834,61.258
poly_2,12.821,61.24
poly_2,12.79,61.197
poly_2,12.707,61.143
poly_2,12.668,61.055
poly_2,12.656,61.053
poly_2,12.563,61.048
poly_2,12.492,61.051
poly_2,12.487,61.052
poly_2,12.385,61.041
poly_2,12.329,61.033
poly_2,12.289,61.026
poly_2,12.24,61.019
poly_2,12.235,61.001
poly_2,12.268,60.962
poly_2,12.303,60.923
poly_2,12.316,60.908
poly_2,12.33,60.893
poly_2,12.333,60.89
poly_2,12.334,60.855
poly_2,12.337,60.847
poly_2,12.395,60.734
poly_2,12.488,60.662
poly_2,12.569,60.56
poly_2,12.576,60.555
poly_2,12.6,60.523
poly_2,12.606,60.482
poly_2,12.606,60.475
poly_2,12.591,60.392
poly_2,12.585,60.385
poly_2,12.571,60.372
poly_2,12.547,60.349
poly_2,12.538,60.344
poly_2,12.521,60.335
poly_2,12.499,60.324
poly_2,12.503,60.294
poly_2,12.505,60.278
poly_2,12.514,60.255
poly_2,12.526,60.222
poly_2,12.527,60.22
poly_2,12.517,60.136
poly_2,12.502,60.103
poly_2,12.496,60.093
poly_2,12.492,60.088
poly_2,12.471,60.063
poly_2,12.442,60.036
poly_2,12.393,60.014
poly_2,12.379,60.001
poly_2,12.348,59.972
poly_2,12.272,59.942
poly_2,12.191,59.902
poly_2,12.174,59.89
poly_2,12.169,59.889
poly_2,12.153,59.887
poly_2,12.054,59.886
poly_2,12.053,59.886
poly_2,11.99,59.898
poly_2,11.986,59.899
poly_2,11.986,59.9
poly_2,11.985,59.901
poly_2,11.981,59.9
poly_2,11.95,59.892
poly_2,11.942,59.89
poly_2,11.938,59.888
poly_2,11.934,59.887
poly_2,11.932,59.886
poly_2,11.93,59.886
poly_2,11.929,59.886
poly_2,11.922,59.882
poly_2,11.922,59.878
poly_2,11.922,59.877
poly_2,11.917,59.873
poly_2,11.912,59.872
poly_2,11.909,59.872
poly_2,11.908,59.872
poly_2,11.907,59.872
poly_2,11.899,59.872
poly_2,11.898,59.872
poly_2,11.893,59.872
poly_2,11.892,59.872
poly_2,11.891,59.872
poly_2,11.89,59.872
poly_2,11.885,59.872
poly_2,11.882,59.87
poly_2,11.882,59.869
poly_2,11.883,59.864
poly_2,11.884,59.863
poly_2,11.884,59.862
poly_2,11.885,59.862
poly_2,11.886,59.862
poly_2,11.878,59.854
poly_2,11.877,59.853
poly_2,11.876,59.853
poly_2,11.87,59.85
poly_2,11.869,59.85
poly_2,11.867,59.849
poly_2,11.864,59.848
poly_2,11.863,59.848
poly_2,11.861,59.847
poly_2,11.859,59.847
poly_2,11.858,59.847
poly_2,11.857,59.846
poly_2,11.854,59.845
poly_2,11.848,59.844
poly_2,11.847,59.843
poly_2,11.842,59.842
poly_2,11.841,59.842
poly_2,11.84,59.842
poly_2,11.84,59.841
poly_2,11.84,59.84
poly_2,11.846,59.835
poly_2,11.848,59.834
poly_2,11.854,59.83
poly_2,11.857,59.83
poly_2,11.858,59.83
poly_2,11.859,59.83
poly_2,11.86,59.83
poly_2,11.863,59.83
poly_2,11.866,59.829
poly_2,11.87,59.829
poly_2,11.876,59.829
poly_2,11.878,59.828
poly_2,11.88,59.827
poly_2,11.883,59.826
poly_2,11.886,59.824
poly_2,11.888,59.823
poly_2,11.888,59.822
poly_2,11.913,59.8
poly_2,11.914,59.8
poly_2,11.914,59.799
poly_2,11.915,59.799
poly_2,11.918,59.798
poly_2,11.919,59.797
poly_2,11.92,59.797
poly_2,11.921,59.796
poly_2,11.923,59.795
poly_2,11.926,59.794
poly_2,11.927,59.793
poly_2,11.927,59.791
poly_2,11.928,59.78
poly_2,11.94,59.695
poly_2,11.889,59.693
poly_2,11.862,59.653
poly_2,11.79,59.644
poly_2,11.779,59.643
poly_2,11.708,59.616
poly_2,11.698,59.609
poly_2,11.691,59.59
poly_2,11.747,59.491
poly_2,11.753,59.479
poly_2,11.76,59.458
poly_2,11.774,59.414
poly_2,11.816,59.345
poly_2,11.83,59.242
poly_2,11.783,59.207
poly_2,11.765,59.117
poly_2,11.764,59.115
poly_2,11.776,59.087
poly_2,11.711,59.034
poly_2,11.676,58.935
poly_2,11.652,58.906
poly_2,11.63,58.908
poly_2,11.628,58.907
poly_2,11.626,58.905
poly_2,11.618,58.902
poly_2,11.607,58.898
poly_2,11.604,58.897
poly_2,11.591,58.891
poly_2,11.553,58.899
poly_2,11.537,58.877
poly_2,11.536,58.877
poly_2,11.5,58.889
poly_2,11.498,58.889
poly_2,11.461,58.89
poly_2,11.456,58.889
poly_2,11.454,58.985
poly_2,11.458,58.988
poly_2,11.46,58.988
poly_2,11.462,58.989
poly_2,11.472,58.98
poly_2,11.418,59.042
poly_2,11.433,59.065
poly_2,11.407,59.056
poly_2,11.375,59.099
poly_2,11.388,59.119
poly_2,11.376,59.109
poly_2,11.37,59.118
poly_2,11.394,59.124
poly_2,11.21,59.089
poly_2,11.221,59.106
poly_2,11.2,59.092
poly_2,11.23,59.138
poly_2,11.195,59.111
poly_2,11.207,59.126
poly_2,11.183,59.117
poly_2,11.175,59.14
poly_2,11.203,59.145
poly_2,11.196,59.13
poly_2,11.215,59.147
poly_2,11.176,59.154
poly_2,11.184,59.197
poly_2,11.177,59.187
poly_2,11.142,59.197
poly_2,11.167,59.162
poly_2,11.12,59.145
poly_2,11.062,59.217
poly_2,11.111,59.143
poly_2,11.074,59.122
poly_2,11.071,59.14
poly_2,11.03,59.13
poly_2,11.044,59.162
poly_2,11.006,59.146
poly_2,11.013,59.187
poly_2,10.949,59.174
poly_2,10.931,59.136
poly_2,10.92,59.153
poly_2,10.899,59.148
poly_2,10.901,59.186
poly_2,10.884,59.175
poly_2,10.858,59.188
poly_2,10.825,59.153
poly_2,10.823,59.186
poly_2,10.807,59.197
poly_2,10.79,59.189
poly_2,10.806,59.207
poly_2,10.762,59.234
poly_2,10.793,59.264
poly_2,10.73,59.228
poly_2,10.732,59.282
poly_2,10.818,59.327
poly_2,10.722,59.304
poly_2,10.72,59.318
poly_2,10.755,59.323
poly_2,10.737,59.346
poly_2,10.686,59.304
poly_2,10.658,59.337
poly_2,10.653,59.435
poly_2,10.691,59.477
poly_2,10.69,59.527
poly_2,10.669,59.522
poly_2,10.648,59.559
poly_2,10.653,59.617
poly_2,10.62,59.674
poly_2,10.644,59.707
poly_2,10.617,59.682
poly_2,10.58,59.75
poly_2,10.658,59.871
poly_2,10.694,59.841
poly_2,10.712,59.717
poly_2,10.729,59.721
poly_2,10.735,59.802
poly_2,10.785,59.86
poly_2,10.745,59.886
poly_2,10.76,59.906
poly_2,10.689,59.918
poly_2,10.702,59.903
poly_2,10.675,59.894
poly_2,10.672,59.92
poly_2,10.606,59.874
poly_2,10.619,59.886
poly_2,10.595,59.881
poly_2,10.614,59.89
poly_2,10.592,59.893
poly_2,10.612,59.903
poly_2,10.529,59.891
poly_2,10.505,59.877
poly_2,10.497,59.846
poly_2,10.47,59.837
poly_2,10.511,59.839
poly_2,10.476,59.821
poly_2,10.504,59.803
poly_2,10.518,59.694
poly_2,10.6,59.666
poly_2,10.618,59.596
poly_2,10.617,59.57
poly_2,10.511,59.52
poly_2,10.414,59.531
poly_2,10.441,59.607
poly_2,10.413,59.612
poly_2,10.442,59.623
poly_2,10.431,59.685
poly_2,10.395,59.69
poly_2,10.37,59.716
poly_2,10.318,59.716
poly_2,10.283,59.749
poly_2,10.213,59.737
poly_2,10.362,59.684
poly_2,10.388,59.66
poly_2,10.414,59.592
poly_2,10.39,59.581
poly_2,10.409,59.563
poly_2,10.382,59.531
poly_2,10.334,59.532
poly_2,10.232,59.566
poly_2,10.383,59.439
poly_2,10.445,59.454
poly_2,10.443,59.441
poly_2,10.499,59.417
poly_2,10.462,59.37
poly_2,10.498,59.322
poly_2,10.529,59.316
poly_2,10.491,59.275
poly_2,10.504,59.255
poly_2,10.488,59.265
poly_2,10.469,59.245
poly_2,10.434,59.272
poly_2,10.427,59.259
poly_2,10.396,59.278
poly_2,10.372,59.275
poly_2,10.376,59.227
poly_2,10.358,59.212
poly_2,10.338,59.22
poly_2,10.307,59.147
poly_2,10.33,59.13
poly_2,10.28,59.138
poly_2,10.308,59.056
poly_2,10.265,59.126
poly_2,10.268,59.042
poly_2,10.223,59.127
poly_2,10.206,59.077
poly_2,10.232,59.042
poly_2,10.208,59.023
poly_2,10.132,59.004
poly_2,10.129,59.026
poly_2,10.177,59.04
poly_2,10.165,59.053
poly_2,10.073,59.015
poly_2,10.066,59.043
poly_2,10.041,59.037
poly_2,10.022,59.051
poly_2,10.04,58.978
poly_2,9.985,58.97
poly_2,9.972,58.984
poly_2,9.963,58.962
poly_2,9.924,58.98
poly_2,9.907,58.966
poly_2,9.87,58.976
poly_2,9.858,58.958
poly_2,9.817,58.976
poly_2,9.859,58.995
poly_2,9.839,59.044
poly_2,9.827,59.032
poly_2,9.801,59.046
poly_2,9.805,59.092
poly_2,9.777,59.04
poly_2,9.74,59.073
poly_2,9.718,59.07
poly_2,9.712,59.11
poly_2,9.693,59.097
poly_2,9.705,59.055
poly_2,9.66,59.059
poly_2,9.651,59.103
poly_2,9.615,59.122
poly_2,9.629,59.133
poly_2,9.644,59.114
poly_2,9.63,59.134
poly_2,9.652,59.14
poly_2,9.656,59.146
poly_2,9.609,59.206
poly_2,9.652,59.143
poly_2,9.583,59.124
poly_2,9.591,59.117
poly_2,9.51,59.126
poly_2,9.563,59.118
poly_2,9.557,59.108
poly_2,9.628,59.082
poly_2,9.648,59.047
poly_2,9.699,59.047
poly_2,9.732,59.028
poly_2,9.752,58.987
poly_2,9.72,59.01
poly_2,9.706,58.987
poly_2,9.655,58.99
poly_2,9.703,58.973
poly_2,9.65,58.973
poly_2,9.65,58.961
poly_2,9.589,58.946
poly_2,9.621,58.939
poly_2,9.584,58.926
poly_2,9.459,58.938
poly_2,9.476,58.924
poly_2,9.511,58.926
poly_2,9.468,58.901
poly_2,9.462,58.911
poly_2,9.46,58.885
poly_2,9.423,58.908
poly_2,9.368,58.893
poly_2,9.372,58.88
poly_2,9.42,58.903
poly_2,9.422,58.88
poly_2,9.386,58.875
poly_2,9.419,58.876
poly_2,9.412,58.864
poly_2,9.357,58.863
poly_2,9.347,58.885
poly_2,9.353,58.866
poly_2,9.327,58.868
poly_2,9.303,58.89
poly_2,9.304,58.848
poly_2,9.274,58.831
poly_2,9.307,58.841
poly_2,9.313,58.826
poly_2,9.399,58.852
poly_2,9.468,58.83
poly_2,9.394,58.816
poly_2,9.407,58.809
poly_2,9.367,58.796
poly_2,9.432,58.812
poly_2,9.435,58.802
poly_2,9.384,58.788
poly_2,9.35,58.754
poly_2,9.282,58.742
poly_2,9.259,58.756
poly_2,9.238,58.742
poly_2,9.188,58.742
poly_2,9.183,58.754
poly_2,9.159,58.739
poly_2,9.112,58.753
poly_2,9.08,58.747
poly_2,9.074,58.756
poly_2,9.078,58.761
poly_2,9.066,58.757
poly_2,9.076,58.746
poly_2,9.087,58.742
poly_2,9.057,58.725
poly_2,9.126,58.724
poly_2,9.115,58.716
poly_2,9.203,58.723
poly_2,9.112,58.73
poly_2,9.104,58.743
poly_2,9.167,58.735
poly_2,9.232,58.737
poly_2,9.205,58.723
poly_2,9.243,58.729
poly_2,9.22,58.705
poly_2,9.068,58.685
poly_2,9.206,58.695
poly_2,9.23,58.688
poly_2,9.203,58.666
poly_2,9.168,58.656
poly_2,9.15,58.667
poly_2,9.074,58.623
poly_2,8.994,58.613
poly_2,9.018,58.608
poly_2,8.989,58.584
poly_2,8.947,58.609
poly_2,8.956,58.626
poly_2,8.932,58.623
poly_2,8.945,58.592
poly_2,8.923,58.574
poly_2,8.968,58.596
poly_2,8.973,58.564
poly_2,8.925,58.529
poly_2,8.979,58.559
poly_2,8.974,58.586
poly_2,9.001,58.556
poly_2,8.975,58.551
poly_2,8.971,58.53
poly_2,8.908,58.511
poly_2,8.92,58.54
poly_2,8.875,58.495
poly_2,8.88,58.526
poly_2,8.858,58.488
poly_2,8.841,58.496
poly_2,8.828,58.474
poly_2,8.798,58.473
poly_2,8.713,58.437
poly_2,8.715,58.379
poly_2,8.686,58.366
poly_2,8.676,58.375
poly_2,8.671,58.356
poly_2,8.604,58.333
poly_2,8.612,58.363
poly_2,8.533,58.292
poly_2,8.536,58.317
poly_2,8.53,58.29
poly_2,8.514,58.303
poly_2,8.524,58.289
poly_2,8.483,58.273
poly_2,8.535,58.288
poly_2,8.517,58.259
poly_2,8.519,58.269
poly_2,8.47,58.257
poly_2,8.474,58.266
poly_2,8.439,58.264
poly_2,8.445,58.299
poly_2,8.41,58.266
poly_2,8.43,58.245
poly_2,8.389,58.255
poly_2,8.325,58.211
poly_2,8.278,58.216
poly_2,8.3,58.2
poly_2,8.253,58.209
poly_2,8.306,58.194
poly_2,8.268,58.163
poly_2,8.201,58.189
poly_2,8.227,58.172
poly_2,8.211,58.161
poly_2,8.227,58.17
poly_2,8.24,58.162
poly_2,8.235,58.155
poly_2,8.243,58.15
poly_2,8.219,58.152
poly_2,8.259,58.133
poly_2,8.236,58.123
poly_2,8.205,58.128
poly_2,8.191,58.166
poly_2,8.174,58.126
poly_2,8.137,58.133
poly_2,8.166,58.12
poly_2,8.146,58.104
poly_2,8.124,58.124
poly_2,8.124,58.108
poly_2,8.087,58.122
poly_2,8.09,58.134
poly_2,8.061,58.119
poly_2,8.06,58.161
poly_2,8.126,58.153
poly_2,8.077,58.164
poly_2,8.087,58.188
poly_2,8.033,58.237
poly_2,8.051,58.162
poly_2,8.035,58.144
poly_2,7.998,58.142
poly_2,8.012,58.13
poly_2,7.986,58.145
poly_2,7.966,58.135
poly_2,7.956,58.112
poly_2,7.99,58.102
poly_2,7.952,58.076
poly_2,7.935,58.103
poly_2,7.911,58.07
poly_2,7.847,58.076
poly_2,7.82,58.065
poly_2,7.803,58.08
poly_2,7.785,58.067
poly_2,7.784,58.082
poly_2,7.718,58.052
poly_2,7.686,58.085
poly_2,7.712,58.077
poly_2,7.662,58.104
poly_2,7.709,58.051
poly_2,7.684,58.042
poly_2,7.653,58.051
poly_2,7.682,58.038
poly_2,7.674,58.02
poly_2,7.652,58.025
poly_2,7.669,58.013
poly_2,7.624,58.021
poly_2,7.641,58.044
poly_2,7.612,58.046
poly_2,7.624,58.01
poly_2,7.513,58.004
poly_2,7.503,58.021
poly_2,7.432,58.014
poly_2,7.447,58.035
poly_2,7.415,58.047
poly_2,7.432,58.031
poly_2,7.404,58.027
poly_2,7.429,58.02
poly_2,7.395,58.021
poly_2,7.423,58.008
poly_2,7.338,58.028
poly_2,7.32,58.047
poly_2,7.32,58.026
poly_2,7.297,58.04
poly_2,7.276,58.027
poly_2,7.297,58.074
poly_2,7.225,58.033
poly_2,7.18,58.059
poly_2,7.143,58.028
poly_2,7.142,58.043
poly_2,7.122,58.026
poly_2,7.106,58.041
poly_2,7.112,58.007
poly_2,7.053,57.98
poly_2,7.029,57.997
poly_2,7.044,58.028
poly_2,7.145,58.072
poly_2,7.104,58.084
poly_2,7.105,58.069
poly_2,6.989,58.029
poly_2,6.975,58.046
poly_2,7.011,58.059
poly_2,7.059,58.121
poly_2,7.026,58.113
poly_2,6.959,58.049
poly_2,6.935,58.059
poly_2,6.965,58.082
poly_2,6.931,58.083
poly_2,6.954,58.107
poly_2,6.928,58.093
poly_2,6.921,58.072
poly_2,6.893,58.072
poly_2,6.917,58.086
poly_2,6.813,58.096
poly_2,6.904,58.127
poly_2,6.954,58.113
poly_2,7.036,58.132
poly_2,7.018,58.143
poly_2,6.99,58.131
poly_2,6.909,58.131
poly_2,6.858,58.152
poly_2,6.834,58.172
poly_2,6.877,58.199
poly_2,6.831,58.178
poly_2,6.793,58.185
poly_2,6.804,58.157
poly_2,6.868,58.134
poly_2,6.82,58.107
poly_2,6.782,58.117
poly_2,6.765,58.111
poly_2,6.794,58.109
poly_2,6.79,58.098
poly_2,6.747,58.111
poly_2,6.762,58.163
poly_2,6.756,58.189
poly_2,6.739,58.184
poly_2,6.726,58.131
poly_2,6.749,58.118
poly_2,6.726,58.102
poly_2,6.806,58.097
poly_2,6.772,58.08
poly_2,6.819,58.082
poly_2,6.796,58.056
poly_2,6.771,58.071
poly_2,6.726,58.063
poly_2,6.659,58.077
poly_2,6.638,58.067
poly_2,6.553,58.118
poly_2,6.598,58.131
poly_2,6.623,58.179
poly_2,6.717,58.173
poly_2,6.68,58.195
poly_2,6.932,58.289
poly_2,6.815,58.262
poly_2,6.719,58.22
poly_2,6.704,58.256
poly_2,6.661,58.263
poly_2,6.661,58.321
poly_2,6.646,58.27
poly_2,6.668,58.24
poly_2,6.649,58.233
poly_2,6.529,58.249
poly_2,6.518,58.261
poly_2,6.476,58.256
poly_2,6.471,58.27
poly_2,6.393,58.271
poly_2,6.442,58.291
poly_2,6.357,58.281
poly_2,6.323,58.302
poly_2,6.353,58.328
poly_2,6.324,58.31
poly_2,6.29,58.315
poly_2,6.259,58.326
poly_2,6.261,58.348
poly_2,6.24,58.323
poly_2,6.112,58.356
poly_2,6.066,58.385
poly_2,6.04,58.379
poly_2,6.005,58.41
poly_2,6.009,58.438
poly_2,5.995,58.421
poly_2,6.003,58.458
poly_2,5.991,58.449
poly_2,5.977,58.462
poly_2,5.999,58.462
poly_2,5.997,58.477
poly_2,5.876,58.464
poly_2,5.875,58.48
poly_2,5.789,58.491
poly_2,5.772,58.528
poly_2,5.681,58.543
poly_2,5.551,58.658
poly_2,5.55,58.691
poly_2,5.489,58.752
poly_2,5.546,58.793
poly_2,5.553,58.867
poly_2,5.603,58.882
poly_2,5.572,58.925
poly_2,5.606,58.929
poly_2,5.564,58.942
poly_2,5.581,58.961
poly_2,5.627,58.939
poly_2,5.634,58.896
poly_2,5.686,58.931
poly_2,5.671,58.942
poly_2,5.635,58.935
poly_2,5.59,58.968
poly_2,5.607,58.986
poly_2,5.563,58.982
poly_2,5.563,59.015
poly_2,5.592,59.02
poly_2,5.574,59.032
poly_2,5.77,58.965
poly_2,5.752,58.952
poly_2,5.743,58.961
poly_2,5.742,58.851
poly_2,5.786,58.939
poly_2,5.851,58.93
poly_2,5.85,58.953
poly_2,5.894,58.968
poly_2,5.979,58.937
poly_2,5.965,58.904
poly_2,6.055,58.895
poly_2,6.153,58.841
poly_2,6.279,58.839
poly_2,6.174,58.849
poly_2,6.117,58.875
poly_2,6.087,58.901
poly_2,6.133,58.949
poly_2,6.282,59
poly_2,6.652,59.054
poly_2,6.262,59.012
poly_2,6.1,58.943
poly_2,6.073,58.904
poly_2,5.995,58.969
poly_2,6.036,58.997
poly_2,6.091,58.984
poly_2,6.083,58.993
poly_2,6.03,59.022
poly_2,5.95,59.022
poly_2,5.891,59.086
poly_2,5.978,59.122
poly_2,6.026,59.114
poly_2,6.092,59.14
poly_2,6.174,59.14
poly_2,6.095,59.153
poly_2,6.023,59.143
poly_2,6.101,59.219
poly_2,6.177,59.235
poly_2,6.19,59.258
poly_2,6.308,59.28
poly_2,6.331,59.27
poly_2,6.328,59.288
poly_2,6.422,59.313
poly_2,6.557,59.32
poly_2,6.359,59.32
poly_2,6.155,59.26
poly_2,6.119,59.305
poly_2,6.245,59.314
poly_2,6.274,59.298
poly_2,6.267,59.318
poly_2,6.29,59.318
poly_2,6.243,59.336
poly_2,6.219,59.39
poly_2,6.226,59.323
poly_2,6.187,59.318
poly_2,6.202,59.346
poly_2,6.175,59.316
poly_2,6.102,59.321
poly_2,6.12,59.374
poly_2,6.08,59.346
poly_2,6.085,59.325
poly_2,6.021,59.341
poly_2,6.05,59.38
poly_2,6.133,59.4
poly_2,6.133,59.416
poly_2,6.182,59.432
poly_2,6.178,59.42
poly_2,6.214,59.445
poly_2,6.213,59.411
poly_2,6.272,59.506
poly_2,6.464,59.549
poly_2,6.6,59.559
poly_2,6.444,59.557
poly_2,6.269,59.518
poly_2,6.331,59.584
poly_2,6.329,59.625
poly_2,6.369,59.644
poly_2,6.313,59.641
poly_2,6.289,59.617
poly_2,6.306,59.576
poly_2,6.206,59.5
poly_2,6.217,59.473
poly_2,6.156,59.426
poly_2,6.122,59.42
poly_2,6.121,59.406
poly_2,6.081,59.41
poly_2,6.047,59.396
poly_2,6.014,59.41
poly_2,6.02,59.381
poly_2,5.977,59.352
poly_2,5.942,59.361
poly_2,5.914,59.449
poly_2,6.014,59.445
poly_2,6.199,59.48
poly_2,6.169,59.489
poly_2,6.038,59.479
poly_2,6.044,59.469
poly_2,5.909,59.474
poly_2,5.852,59.544
poly_2,5.841,59.523
poly_2,5.808,59.519
poly_2,5.855,59.464
poly_2,5.769,59.435
poly_2,5.733,59.477
poly_2,5.752,59.432
poly_2,5.667,59.391
poly_2,5.843,59.437
poly_2,5.897,59.381
poly_2,5.892,59.35
poly_2,5.875,59.337
poly_2,5.837,59.343
poly_2,5.826,59.329
poly_2,5.803,59.349
poly_2,5.791,59.324
poly_2,5.742,59.343
poly_2,5.749,59.328
poly_2,5.656,59.287
poly_2,5.647,59.26
poly_2,5.645,59.324
poly_2,5.682,59.324
poly_2,5.687,59.336
poly_2,5.658,59.342
poly_2,5.629,59.394
poly_2,5.612,59.472
poly_2,5.631,59.502
poly_2,5.571,59.496
poly_2,5.524,59.445
poly_2,5.466,59.46
poly_2,5.463,59.434
poly_2,5.473,59.442
poly_2,5.514,59.429
poly_2,5.592,59.475
poly_2,5.62,59.429
poly_2,5.62,59.407
poly_2,5.581,59.408
poly_2,5.621,59.4
poly_2,5.614,59.329
poly_2,5.556,59.274
poly_2,5.49,59.27
poly_2,5.455,59.316
poly_2,5.49,59.328
poly_2,5.454,59.331
poly_2,5.475,59.396
poly_2,5.442,59.339
poly_2,5.457,59.295
poly_2,5.418,59.29
poly_2,5.391,59.312
poly_2,5.408,59.339
poly_2,5.381,59.373
poly_2,5.407,59.387
poly_2,5.385,59.423
poly_2,5.375,59.338
poly_2,5.344,59.325
poly_2,5.238,59.433
poly_2,5.234,59.465
poly_2,5.258,59.47
poly_2,5.223,59.48
poly_2,5.223,59.503
poly_2,5.279,59.481
poly_2,5.303,59.481
poly_2,5.312,59.501
poly_2,5.26,59.496
poly_2,5.24,59.507
poly_2,5.262,59.515
poly_2,5.228,59.514
poly_2,5.256,59.52
poly_2,5.279,59.509
poly_2,5.277,59.526
poly_2,5.224,59.528
poly_2,5.284,59.559
poly_2,5.305,59.601
poly_2,5.329,59.601
poly_2,5.316,59.62
poly_2,5.404,59.653
poly_2,5.442,59.584
poly_2,5.435,59.609
poly_2,5.478,59.624
poly_2,5.413,59.663
poly_2,5.451,59.661
poly_2,5.438,59.688
poly_2,5.463,59.705
poly_2,5.474,59.692
poly_2,5.472,59.706
poly_2,5.533,59.733
poly_2,5.531,59.649
poly_2,5.507,59.635
poly_2,5.536,59.569
poly_2,5.513,59.547
poly_2,5.475,59.562
poly_2,5.508,59.543
poly_2,5.5,59.522
poly_2,5.45,59.543
poly_2,5.46,59.482
poly_2,5.467,59.512
poly_2,5.509,59.512
poly_2,5.534,59.538
poly_2,5.55,59.522
poly_2,5.585,59.593
poly_2,5.553,59.604
poly_2,5.554,59.648
poly_2,5.594,59.686
poly_2,5.773,59.649
poly_2,5.787,59.617
poly_2,5.74,59.6
poly_2,5.8,59.604
poly_2,5.821,59.61
poly_2,5.792,59.643
poly_2,5.922,59.645
poly_2,5.895,59.65
poly_2,5.932,59.664
poly_2,5.918,59.676
poly_2,5.795,59.648
poly_2,5.783,59.684
poly_2,5.857,59.709
poly_2,5.864,59.729
poly_2,5.942,59.734
poly_2,5.93,59.77
poly_2,5.983,59.734
poly_2,5.996,59.745
poly_2,6.091,59.736
poly_2,6.141,59.783
poly_2,6.384,59.874
poly_2,6.228,59.835
poly_2,6.121,59.782
poly_2,6.095,59.788
poly_2,6.081,59.76
poly_2,6.023,59.753
poly_2,5.956,59.79
poly_2,5.991,59.859
poly_2,5.967,59.854
poly_2,5.939,59.796
poly_2,5.88,59.769
poly_2,5.781,59.831
poly_2,5.715,59.826
poly_2,5.713,59.843
poly_2,5.696,59.833
poly_2,5.674,59.849
poly_2,5.741,59.863
poly_2,5.738,59.877
poly_2,5.76,59.868
poly_2,5.772,59.913
poly_2,5.811,59.934
poly_2,5.855,59.929
poly_2,5.918,59.956
poly_2,5.994,59.955
poly_2,6.01,59.981
poly_2,5.981,60.002
poly_2,6.039,60.067
poly_2,6.115,60.096
poly_2,6.321,60.127
poly_2,6.282,60.134
poly_2,6.279,60.164
poly_2,6.247,60.13
poly_2,6.136,60.107
poly_2,6.167,60.126
poly_2,6.083,60.192
poly_2,6.122,60.219
poly_2,6.162,60.213
poly_2,6.196,60.226
poly_2,6.204,60.258
poly_2,6.252,60.275
poly_2,6.223,60.294
poly_2,6.377,60.341
poly_2,6.353,60.371
poly_2,6.497,60.383
poly_2,6.562,60.437
poly_2,6.669,60.407
poly_2,6.564,60.239
poly_2,6.528,60.089
poly_2,6.551,60.07
poly_2,6.571,60.171
poly_2,6.686,60.386
poly_2,6.724,60.377
poly_2,6.713,60.399
poly_2,6.837,60.474
poly_2,6.892,60.468
poly_2,6.993,60.483
poly_2,7.06,60.464
poly_2,7.143,60.494
poly_2,7.071,60.487
poly_2,6.998,60.504
poly_2,6.914,60.494
poly_2,7.026,60.587
poly_2,6.924,60.528
poly_2,6.921,60.562
poly_2,6.947,60.572
poly_2,6.91,60.566
poly_2,6.893,60.491
poly_2,6.761,60.471
poly_2,6.701,60.431
poly_2,6.633,60.449
poly_2,6.63,60.464
poly_2,6.715,60.522
poly_2,6.603,60.459
poly_2,6.527,60.457
poly_2,6.298,60.392
poly_2,6.235,60.422
poly_2,6.209,60.469
poly_2,6.229,60.42
poly_2,6.279,60.383
poly_2,6.252,60.371
poly_2,6.206,60.387
poly_2,6.204,60.37
poly_2,6.172,60.363
poly_2,6.145,60.373
poly_2,6.221,60.335
poly_2,6.166,60.31
poly_2,6.195,60.279
poly_2,6.153,60.242
poly_2,6.141,60.259
poly_2,6.082,60.253
poly_2,6.006,60.272
poly_2,6.006,60.231
poly_2,5.963,60.213
poly_2,5.949,60.158
poly_2,5.924,60.15
poly_2,5.924,60.167
poly_2,5.899,60.155
poly_2,5.914,60.031
poly_2,5.831,59.983
poly_2,5.811,60.001
poly_2,5.83,60.018
poly_2,5.766,59.979
poly_2,5.761,60.011
poly_2,5.727,60.003
poly_2,5.715,60.072
poly_2,5.758,60.058
poly_2,5.753,60.069
poly_2,5.782,60.068
poly_2,5.794,60.049
poly_2,5.838,60.091
poly_2,5.803,60.076
poly_2,5.793,60.092
poly_2,5.759,60.069
poly_2,5.744,60.105
poly_2,5.72,60.105
poly_2,5.769,60.127
poly_2,5.721,60.171
poly_2,5.77,60.187
poly_2,5.705,60.18
poly_2,5.697,60.192
poly_2,5.687,60.161
poly_2,5.604,60.142
poly_2,5.574,60.156
poly_2,5.606,60.185
poly_2,5.592,60.206
poly_2,5.747,60.238
poly_2,5.661,60.245
poly_2,5.621,60.232
poly_2,5.666,60.285
poly_2,5.598,60.236
poly_2,5.584,60.253
poly_2,5.634,60.271
poly_2,5.654,60.298
poly_2,5.645,60.274
poly_2,5.663,60.301
poly_2,5.656,60.336
poly_2,5.698,60.369
poly_2,5.759,60.375
poly_2,5.763,60.396
poly_2,5.72,60.403
poly_2,5.72,60.382
poly_2,5.685,60.372
poly_2,5.664,60.345
poly_2,5.647,60.374
poly_2,5.615,60.287
poly_2,5.563,60.262
poly_2,5.575,60.242
poly_2,5.533,60.197
poly_2,5.472,60.189
poly_2,5.442,60.132
poly_2,5.427,60.162
poly_2,5.4,60.153
poly_2,5.399,60.179
poly_2,5.33,60.193
poly_2,5.354,60.19
poly_2,5.336,60.207
poly_2,5.366,60.201
poly_2,5.391,60.223
poly_2,5.357,60.232
poly_2,5.311,60.218
poly_2,5.304,60.228
poly_2,5.281,60.207
poly_2,5.245,60.21
poly_2,5.335,60.258
poly_2,5.329,60.27
poly_2,5.298,60.256
poly_2,5.273,60.276
poly_2,5.236,60.263
poly_2,5.202,60.288
poly_2,5.22,60.32
poly_2,5.265,60.312
poly_2,5.278,60.323
poly_2,5.302,60.303
poly_2,5.327,60.311
poly_2,5.337,60.345
poly_2,5.318,60.327
poly_2,5.258,60.321
poly_2,5.236,60.361
poly_2,5.232,60.33
poly_2,5.218,60.338
poly_2,5.203,60.327
poly_2,5.171,60.373
poly_2,5.241,60.4
poly_2,5.352,60.381
poly_2,5.309,60.388
poly_2,5.322,60.412
poly_2,5.279,60.435
poly_2,5.279,60.447
poly_2,5.321,60.442
poly_2,5.255,60.477
poly_2,5.273,60.52
poly_2,5.3,60.527
poly_2,5.376,60.506
poly_2,5.463,60.421
poly_2,5.459,60.455
poly_2,5.521,60.421
poly_2,5.622,60.429
poly_2,5.65,60.46
poly_2,5.72,60.453
poly_2,5.744,60.468
poly_2,5.72,60.538
poly_2,5.774,60.577
poly_2,5.726,60.552
poly_2,5.738,60.66
poly_2,5.8,60.658
poly_2,5.834,60.613
poly_2,5.876,60.634
poly_2,5.913,60.628
poly_2,5.956,60.641
poly_2,5.871,60.636
poly_2,5.845,60.621
poly_2,5.802,60.658
poly_2,5.74,60.664
poly_2,5.734,60.689
poly_2,5.761,60.693
poly_2,5.796,60.735
poly_2,5.752,60.698
poly_2,5.675,60.702
poly_2,5.681,60.735
poly_2,5.766,60.781
poly_2,5.789,60.816
poly_2,5.665,60.727
poly_2,5.598,60.7
poly_2,5.549,60.7
poly_2,5.578,60.658
poly_2,5.562,60.632
poly_2,5.491,60.633
poly_2,5.454,60.603
poly_2,5.427,60.61
poly_2,5.427,60.595
poly_2,5.391,60.61
poly_2,5.407,60.585
poly_2,5.357,60.604
poly_2,5.387,60.57
poly_2,5.278,60.541
poly_2,5.232,60.565
poly_2,5.208,60.622
poly_2,5.114,60.659
poly_2,5.123,60.679
poly_2,5.166,60.671
poly_2,5.269,60.619
poly_2,5.23,60.643
poly_2,5.228,60.658
poly_2,5.282,60.632
poly_2,5.241,60.662
poly_2,5.104,60.718
poly_2,5.173,60.701
poly_2,5.131,60.725
poly_2,5.197,60.695
poly_2,5.158,60.732
poly_2,5.19,60.715
poly_2,5.213,60.725
poly_2,5.123,60.739
poly_2,5.108,60.729
poly_2,5.038,60.782
poly_2,4.945,60.81
poly_2,5.018,60.812
poly_2,5.017,60.822
poly_2,5.117,60.749
poly_2,5.105,60.782
poly_2,5.127,60.767
poly_2,5.122,60.781
poly_2,5.24,60.74
poly_2,5.27,60.744
poly_2,5.278,60.728
poly_2,5.319,60.731
poly_2,5.35,60.707
poly_2,5.332,60.698
poly_2,5.359,60.655
poly_2,5.406,60.637
poly_2,5.361,60.681
poly_2,5.463,60.634
poly_2,5.383,60.684
poly_2,5.409,60.696
poly_2,5.47,60.659
poly_2,5.421,60.702
poly_2,5.455,60.714
poly_2,5.417,60.707
poly_2,5.401,60.735
poly_2,5.377,60.731
poly_2,5.385,60.75
poly_2,5.347,60.746
poly_2,5.35,60.766
poly_2,5.323,60.749
poly_2,5.268,60.77
poly_2,5.332,60.816
poly_2,5.382,60.817
poly_2,5.352,60.841
poly_2,5.373,60.866
poly_2,5.475,60.876
poly_2,5.512,60.856
poly_2,5.59,60.874
poly_2,5.507,60.869
poly_2,5.487,60.887
poly_2,5.526,60.916
poly_2,5.472,60.887
poly_2,5.35,60.871
poly_2,5.3,60.81
poly_2,5.259,60.833
poly_2,5.216,60.824
poly_2,5.21,60.861
poly_2,5.237,60.861
poly_2,5.209,60.866
poly_2,5.197,60.827
poly_2,5.186,60.849
poly_2,5.096,60.832
poly_2,5.029,60.897
poly_2,5.052,60.927
poly_2,5.011,60.936
poly_2,5.005,60.967
poly_2,5.126,60.957
poly_2,5.118,60.866
poly_2,5.133,60.964
poly_2,5.223,60.963
poly_2,5.314,60.987
poly_2,5.191,60.965
poly_2,5.188,61.008
poly_2,5.162,60.975
poly_2,5.115,60.965
poly_2,5.087,60.988
poly_2,5.084,60.977
poly_2,5.041,60.979
poly_2,5.027,61.025
poly_2,5.052,61.028
poly_2,5.021,61.035
poly_2,5.045,61.06
poly_2,5.142,61.07
poly_2,5.153,61.085
poly_2,5.174,61.07
poly_2,5.207,61.078
poly_2,5.292,61.065
poly_2,5.323,61.031
poly_2,5.407,61.023
poly_2,5.466,61.032
poly_2,5.486,60.987
poly_2,5.481,61.047
poly_2,5.515,61.064
poly_2,5.567,61.064
poly_2,5.61,61.084
poly_2,5.682,61.059
poly_2,5.614,61.085
poly_2,5.658,61.104
poly_2,5.694,61.09
poly_2,5.734,61.098
poly_2,5.804,61.126
poly_2,5.825,61.101
poly_2,5.798,61.052
poly_2,5.848,61.099
poly_2,5.91,61.066
poly_2,5.854,61.11
poly_2,5.921,61.131
poly_2,5.99,61.128
poly_2,6.04,61.106
poly_2,6.162,61.119
poly_2,6.221,61.1
poly_2,6.284,61.1
poly_2,6.325,61.074
poly_2,6.27,61.034
poly_2,6.344,61.07
poly_2,6.41,61.07
poly_2,6.387,61.019
poly_2,6.35,61.01
poly_2,6.413,61.005
poly_2,6.434,61.07
poly_2,6.542,61.104
poly_2,6.589,61.09
poly_2,6.642,61.176
poly_2,6.699,61.151
poly_2,6.85,61.146
poly_2,6.881,61.089
poly_2,6.94,61.074
poly_2,6.957,61.088
poly_2,7.014,61.057
poly_2,7.037,60.999
poly_2,6.871,60.931
poly_2,6.841,60.881
poly_2,6.885,60.93
poly_2,7.05,60.986
poly_2,7.155,60.938
poly_2,7.122,60.86
poly_2,7.192,60.905
poly_2,7.193,60.939
poly_2,7.084,60.975
poly_2,7.04,61.034
poly_2,7.041,61.104
poly_2,7.215,61.118
poly_2,7.248,61.147
poly_2,7.478,61.099
poly_2,7.375,61.148
poly_2,7.519,61.192
poly_2,7.624,61.195
poly_2,7.658,61.222
poly_2,7.713,61.232
poly_2,7.65,61.241
poly_2,7.621,61.213
poly_2,7.422,61.2
poly_2,7.393,61.207
poly_2,7.379,61.268
poly_2,7.313,61.297
poly_2,7.384,61.326
poly_2,7.416,61.38
poly_2,7.589,61.474
poly_2,7.588,61.495
poly_2,7.452,61.44
poly_2,7.437,61.409
poly_2,7.364,61.379
poly_2,7.284,61.396
poly_2,7.343,61.368
poly_2,7.348,61.344
poly_2,7.247,61.3
poly_2,7.33,61.265
poly_2,7.354,61.197
poly_2,7.396,61.182
poly_2,7.329,61.157
poly_2,7.24,61.184
poly_2,7.246,61.171
poly_2,7.188,61.166
poly_2,7.168,61.141
poly_2,7.04,61.134
poly_2,6.992,61.106
poly_2,6.944,61.113
poly_2,6.927,61.142
poly_2,6.995,61.151
poly_2,7.05,61.191
poly_2,7.172,61.201
poly_2,7.119,61.21
poly_2,7.168,61.269
poly_2,7.112,61.247
poly_2,7.094,61.213
poly_2,7.025,61.193
poly_2,6.996,61.157
poly_2,6.911,61.161
poly_2,6.839,61.186
poly_2,6.717,61.182
poly_2,6.682,61.204
poly_2,6.597,61.208
poly_2,6.588,61.24
poly_2,6.679,61.279
poly_2,6.745,61.35
poly_2,6.754,61.421
poly_2,6.653,61.285
poly_2,6.573,61.252
poly_2,6.562,61.3
poly_2,6.544,61.273
poly_2,6.5,61.276
poly_2,6.54,61.261
poly_2,6.568,61.212
poly_2,6.481,61.229
poly_2,6.539,61.209
poly_2,6.545,61.14
poly_2,6.478,61.13
poly_2,6.473,61.115
poly_2,6.378,61.11
poly_2,6.27,61.134
poly_2,6.204,61.165
poly_2,6.221,61.188
poly_2,6.182,61.161
poly_2,6.053,61.146
poly_2,6.005,61.163
poly_2,6.071,61.186
poly_2,6.065,61.218
poly_2,6.05,61.194
poly_2,5.932,61.161
poly_2,5.823,61.162
poly_2,5.82,61.21
poly_2,5.802,61.16
poly_2,5.728,61.167
poly_2,5.705,61.138
poly_2,5.618,61.153
poly_2,5.566,61.115
poly_2,5.401,61.07
poly_2,5.347,61.102
poly_2,5.345,61.14
poly_2,5.324,61.12
poly_2,5.287,61.109
poly_2,5.271,61.125
poly_2,5.26,61.107
poly_2,5.229,61.106
poly_2,5.197,61.147
poly_2,5.266,61.13
poly_2,5.29,61.138
poly_2,5.213,61.163
poly_2,5.174,61.147
poly_2,5.076,61.169
poly_2,5.091,61.198
poly_2,5.161,61.202
poly_2,5.261,61.169
poly_2,5.299,61.174
poly_2,5.254,61.194
poly_2,5.313,61.189
poly_2,5.182,61.228
poly_2,5.012,61.22
poly_2,5.03,61.239
poly_2,5.111,61.234
poly_2,5.105,61.257
poly_2,5.085,61.24
poly_2,5.019,61.241
poly_2,5.028,61.273
poly_2,5,61.253
poly_2,4.986,61.263
poly_2,4.992,61.247
poly_2,4.948,61.246
poly_2,4.949,61.261
poly_2,4.982,61.257
poly_2,4.981,61.284
poly_2,5.053,61.286
poly_2,5.076,61.296
poly_2,5.031,61.295
poly_2,5.06,61.305
poly_2,5.133,61.289
poly_2,5.14,61.318
poly_2,5.17,61.302
poly_2,5.225,61.305
poly_2,5.199,61.343
poly_2,5.236,61.35
poly_2,5.285,61.347
poly_2,5.352,61.312
poly_2,5.287,61.355
poly_2,5.357,61.351
poly_2,5.406,61.375
poly_2,5.535,61.375
poly_2,5.562,61.362
poly_2,5.645,61.373
poly_2,5.673,61.36
poly_2,5.672,61.369
poly_2,5.655,61.376
poly_2,5.569,61.369
poly_2,5.529,61.379
poly_2,5.405,61.384
poly_2,5.19,61.359
poly_2,5.17,61.334
poly_2,5.081,61.321
poly_2,5.071,61.339
poly_2,5.112,61.343
poly_2,5.048,61.349
poly_2,5.032,61.394
poly_2,5.093,61.402
poly_2,5.104,61.377
poly_2,5.104,61.412
poly_2,5.165,61.43
poly_2,5.005,61.405
poly_2,4.978,61.42
poly_2,5.079,61.452
poly_2,5.236,61.456
poly_2,5.256,61.472
poly_2,5.237,61.483
poly_2,5.346,61.461
poly_2,5.379,61.465
poly_2,5.325,61.479
poly_2,5.412,61.478
poly_2,5.432,61.459
poly_2,5.468,61.454
poly_2,5.45,61.449
poly_2,5.533,61.44
poly_2,5.635,61.454
poly_2,5.714,61.494
poly_2,5.849,61.459
poly_2,5.806,61.473
poly_2,5.815,61.489
poly_2,5.723,61.503
poly_2,5.721,61.517
poly_2,5.624,61.471
poly_2,5.528,61.455
poly_2,5.442,61.464
poly_2,5.457,61.473
poly_2,5.48,61.465
poly_2,5.47,61.484
poly_2,5.502,61.495
poly_2,5.354,61.488
poly_2,5.178,61.514
poly_2,5.175,61.555
poly_2,5.27,61.54
poly_2,5.301,61.544
poly_2,5.278,61.554
poly_2,5.408,61.549
poly_2,5.181,61.596
poly_2,5.346,61.603
poly_2,5.399,61.594
poly_2,5.334,61.587
poly_2,5.34,61.578
poly_2,5.367,61.572
poly_2,5.347,61.578
poly_2,5.459,61.572
poly_2,5.461,61.59
poly_2,5.34,61.613
poly_2,5.104,61.599
poly_2,5.008,61.579
poly_2,4.997,61.598
poly_2,5.055,61.603
poly_2,5.054,61.594
poly_2,5.071,61.613
poly_2,5.141,61.603
poly_2,5.369,61.628
poly_2,5.425,61.648
poly_2,5.285,61.625
poly_2,5.099,61.639
poly_2,5.031,61.63
poly_2,5.005,61.642
poly_2,5.015,61.63
poly_2,4.991,61.627
poly_2,5.01,61.65
poly_2,4.973,61.67
poly_2,4.969,61.721
poly_2,5.008,61.719
poly_2,4.991,61.74
poly_2,5.033,61.758
poly_2,5.086,61.753
poly_2,5.112,61.705
poly_2,5.119,61.744
poly_2,5.166,61.719
poly_2,5.162,61.702
poly_2,5.175,61.723
poly_2,5.218,61.723
poly_2,5.149,61.738
poly_2,5.15,61.755
poly_2,5.295,61.773
poly_2,5.158,61.773
poly_2,5.131,61.758
poly_2,5.093,61.762
poly_2,5.096,61.777
poly_2,5.155,61.808
poly_2,5.311,61.826
poly_2,5.296,61.836
poly_2,5.326,61.847
poly_2,5.383,61.846
poly_2,5.3,61.858
poly_2,5.431,61.918
poly_2,5.541,61.905
poly_2,5.545,61.889
poly_2,5.601,61.9
poly_2,5.708,61.885
poly_2,5.781,61.854
poly_2,5.681,61.84
poly_2,5.648,61.812
poly_2,5.712,61.837
poly_2,5.856,61.857
poly_2,5.983,61.848
poly_2,5.944,61.768
poly_2,5.91,61.746
poly_2,5.914,61.738
poly_2,5.879,61.735
poly_2,5.913,61.736
poly_2,5.919,61.74
poly_2,5.913,61.731
poly_2,6.02,61.844
poly_2,6.18,61.764
poly_2,6.212,61.779
poly_2,6.079,61.847
poly_2,6.13,61.83
poly_2,6.296,61.848
poly_2,6.385,61.817
poly_2,6.483,61.804
poly_2,6.608,61.846
poly_2,6.587,61.869
poly_2,6.757,61.864
poly_2,6.804,61.835
poly_2,6.82,61.867
poly_2,6.847,61.869
poly_2,6.711,61.881
poly_2,6.724,61.902
poly_2,6.699,61.904
poly_2,6.677,61.886
poly_2,6.556,61.878
poly_2,6.525,61.834
poly_2,6.426,61.831
poly_2,6.314,61.864
poly_2,6.137,61.846
poly_2,6.068,61.874
poly_2,5.911,61.884
poly_2,5.807,61.857
poly_2,5.732,61.891
poly_2,5.988,61.906
poly_2,5.905,61.919
poly_2,5.685,61.91
poly_2,5.502,61.933
poly_2,5.459,61.926
poly_2,5.45,61.94
poly_2,5.322,61.908
poly_2,5.223,61.914
poly_2,5.178,61.895
poly_2,5.147,61.912
poly_2,5.191,61.917
poly_2,5.122,61.92
poly_2,5.163,61.983
poly_2,5.195,61.988
poly_2,5.221,61.933
poly_2,5.201,61.979
poly_2,5.241,61.984
poly_2,5.289,61.951
poly_2,5.298,61.966
poly_2,5.241,61.99
poly_2,5.312,61.977
poly_2,5.344,62.033
poly_2,5.425,62.02
poly_2,5.394,62.035
poly_2,5.34,62.036
poly_2,5.343,62.059
poly_2,5.234,62.103
poly_2,5.117,62.1
poly_2,5.113,62.126
poly_2,5.16,62.128
poly_2,5.103,62.151
poly_2,5.099,62.194
poly_2,5.201,62.193
poly_2,5.175,62.198
poly_2,5.184,62.219
poly_2,5.224,62.211
poly_2,5.286,62.158
poly_2,5.292,62.171
poly_2,5.331,62.169
poly_2,5.3,62.151
poly_2,5.317,62.121
poly_2,5.495,62.044
poly_2,5.458,62.003
poly_2,5.53,62.036
poly_2,5.521,62.075
poly_2,5.59,62.076
poly_2,5.621,62.053
poly_2,5.616,62.077
poly_2,5.565,62.098
poly_2,5.436,62.103
poly_2,5.405,62.128
poly_2,5.485,62.2
poly_2,5.564,62.167
poly_2,5.644,62.172
poly_2,5.675,62.117
poly_2,5.724,62.087
poly_2,5.747,62.098
poly_2,5.694,62.121
poly_2,5.672,62.174
poly_2,5.729,62.171
poly_2,5.851,62.203
poly_2,5.916,62.188
poly_2,5.95,62.159
poly_2,5.944,62.117
poly_2,5.848,62.005
poly_2,5.965,62.097
poly_2,5.981,62.142
poly_2,6.087,62.096
poly_2,6.035,62.045
poly_2,6.068,62.066
poly_2,6.082,62.056
poly_2,6.104,62.076
poly_2,6.176,62.084
poly_2,6.258,62.067
poly_2,6.273,62.081
poly_2,6.314,62.058
poly_2,6.31,62.08
poly_2,6.142,62.094
poly_2,5.93,62.221
poly_2,5.987,62.228
poly_2,6.012,62.2
poly_2,6.117,62.189
poly_2,6.114,62.203
poly_2,6.012,62.215
poly_2,6.004,62.238
poly_2,5.962,62.248
poly_2,5.983,62.268
poly_2,6.233,62.358
poly_2,6.343,62.374
poly_2,6.425,62.291
poly_2,6.423,62.266
poly_2,6.473,62.247
poly_2,6.478,62.204
poly_2,6.581,62.147
poly_2,6.553,62.105
poly_2,6.611,62.143
poly_2,6.555,62.194
poly_2,6.599,62.204
poly_2,6.654,62.194
poly_2,6.592,62.212
poly_2,6.528,62.206
poly_2,6.527,62.234
poly_2,6.402,62.358
poly_2,6.424,62.371
poly_2,6.408,62.385
poly_2,6.451,62.401
poly_2,6.552,62.392
poly_2,6.593,62.334
poly_2,6.581,62.399
poly_2,6.546,62.41
poly_2,6.723,62.452
poly_2,6.748,62.434
poly_2,6.855,62.433
poly_2,6.914,62.412
poly_2,6.888,62.363
poly_2,6.964,62.292
poly_2,7.008,62.284
poly_2,7.017,62.178
poly_2,6.873,62.083
poly_2,6.94,62.106
poly_2,7.022,62.084
poly_2,7.087,62.092
poly_2,7.13,62.115
poly_2,7.199,62.098
poly_2,7.143,62.125
poly_2,7.049,62.095
poly_2,6.961,62.115
poly_2,7.04,62.172
poly_2,7.039,62.277
poly_2,7.132,62.28
poly_2,7.229,62.253
poly_2,7.265,62.285
poly_2,7.329,62.287
poly_2,7.415,62.234
poly_2,7.427,62.253
poly_2,7.335,62.294
poly_2,7.247,62.297
poly_2,7.189,62.284
poly_2,6.988,62.313
poly_2,6.934,62.374
poly_2,6.985,62.384
poly_2,6.872,62.46
poly_2,6.773,62.459
poly_2,6.811,62.482
poly_2,6.706,62.474
poly_2,6.727,62.491
poly_2,6.693,62.495
poly_2,6.715,62.497
poly_2,6.638,62.504
poly_2,6.609,62.502
poly_2,6.616,62.522
poly_2,6.461,62.514
poly_2,6.583,62.53
poly_2,6.572,62.543
poly_2,6.255,62.53
poly_2,6.287,62.543
poly_2,6.263,62.589
poly_2,6.334,62.613
poly_2,6.441,62.614
poly_2,6.467,62.546
poly_2,6.453,62.614
poly_2,6.569,62.625
poly_2,6.612,62.557
poly_2,6.624,62.629
poly_2,6.65,62.63
poly_2,6.671,62.602
poly_2,6.661,62.633
poly_2,6.768,62.655
poly_2,6.82,62.646
poly_2,6.919,62.588
poly_2,6.912,62.574
poly_2,6.939,62.615
poly_2,6.907,62.646
poly_2,7.078,62.654
poly_2,7.095,62.628
poly_2,7.021,62.616
poly_2,7.096,62.624
poly_2,7.131,62.522
poly_2,7.154,62.568
poly_2,7.122,62.611
poly_2,7.167,62.632
poly_2,7.232,62.611
poly_2,7.263,62.623
poly_2,7.29,62.608
poly_2,7.361,62.609
poly_2,7.437,62.538
poly_2,7.518,62.542
poly_2,7.555,62.497
poly_2,7.569,62.538
poly_2,7.659,62.548
poly_2,7.686,62.569
poly_2,7.784,62.577
poly_2,7.725,62.584
poly_2,7.55,62.555
poly_2,7.463,62.572
poly_2,7.399,62.632
poly_2,7.489,62.639
poly_2,7.504,62.585
poly_2,7.536,62.587
poly_2,7.504,62.664
poly_2,7.831,62.732
poly_2,7.939,62.724
poly_2,7.957,62.745
poly_2,8.092,62.712
poly_2,8.134,62.684
poly_2,8.147,62.692
poly_2,8.107,62.731
poly_2,8.02,62.75
poly_2,8.07,62.777
poly_2,7.875,62.763
poly_2,7.501,62.687
poly_2,7.344,62.696
poly_2,7.427,62.717
poly_2,7.363,62.738
poly_2,7.536,62.772
poly_2,7.676,62.779
poly_2,7.723,62.792
poly_2,7.659,62.783
poly_2,7.671,62.795
poly_2,7.249,62.741
poly_2,6.981,62.724
poly_2,6.995,62.76
poly_2,6.969,62.779
poly_2,7.024,62.829
poly_2,7.045,62.817
poly_2,7.097,62.831
poly_2,7.069,62.817
poly_2,7.153,62.819
poly_2,7.173,62.803
poly_2,7.241,62.809
poly_2,7.179,62.82
poly_2,7.213,62.835
poly_2,7.157,62.84
poly_2,7.174,62.85
poly_2,6.994,62.835
poly_2,7.012,62.853
poly_2,6.961,62.883
poly_2,6.981,62.896
poly_2,6.942,62.888
poly_2,6.97,62.9
poly_2,6.899,62.91
poly_2,7.043,62.953
poly_2,7.03,62.967
poly_2,7.071,62.97
poly_2,7.094,62.955
poly_2,7.102,62.989
poly_2,7.154,62.98
poly_2,7.144,62.996
poly_2,7.301,63.01
poly_2,7.29,62.997
poly_2,7.262,62.993
poly_2,7.253,62.984
poly_2,7.299,62.979
poly_2,7.261,62.991
poly_2,7.314,62.999
poly_2,7.317,62.971
poly_2,7.415,62.957
poly_2,7.447,62.939
poly_2,7.456,62.909
poly_2,7.43,62.9
poly_2,7.469,62.899
poly_2,7.593,62.926
poly_2,7.587,62.937
poly_2,7.683,62.968
poly_2,7.774,62.969
poly_2,7.792,62.959
poly_2,7.682,62.895
poly_2,7.837,62.95
poly_2,7.974,62.973
poly_2,8.035,62.967
poly_2,8.12,62.921
poly_2,8.086,62.891
poly_2,8.111,62.888
poly_2,8.14,62.82
poly_2,8.261,62.78
poly_2,8.313,62.784
poly_2,8.401,62.746
poly_2,8.419,62.72
poly_2,8.435,62.732
poly_2,8.485,62.726
poly_2,8.531,62.669
poly_2,8.561,62.695
poly_2,8.541,62.73
poly_2,8.323,62.804
poly_2,8.191,62.829
poly_2,8.15,62.89
poly_2,8.204,62.911
poly_2,8.152,62.909
poly_2,8.136,62.947
poly_2,7.998,63
poly_2,7.967,63.077
poly_2,8.034,63.104
poly_2,8.11,63.106
poly_2,8.142,63.07
poly_2,8.125,63.049
poly_2,8.056,63.037
poly_2,8.132,63.045
poly_2,8.14,63.03
poly_2,8.256,62.996
poly_2,8.252,62.974
poly_2,8.278,62.984
poly_2,8.333,62.964
poly_2,8.281,62.927
poly_2,8.34,62.891
poly_2,8.301,62.854
poly_2,8.373,62.886
poly_2,8.455,62.846
poly_2,8.514,62.838
poly_2,8.513,62.858
poly_2,8.413,62.902
poly_2,8.517,62.865
poly_2,8.581,62.868
poly_2,8.635,62.83
poly_2,8.703,62.814
poly_2,8.699,62.829
poly_2,8.632,62.841
poly_2,8.613,62.88
poly_2,8.54,62.879
poly_2,8.476,62.901
poly_2,8.421,62.947
poly_2,8.711,62.973
poly_2,8.654,62.972
poly_2,8.651,62.991
poly_2,8.61,62.991
poly_2,8.463,62.97
poly_2,8.6,63.025
poly_2,8.366,62.969
poly_2,8.322,62.994
poly_2,8.342,63.007
poly_2,8.494,63.02
poly_2,8.348,63.021
poly_2,8.306,63.008
poly_2,8.22,63.029
poly_2,8.233,63.066
poly_2,8.156,63.113
poly_2,8.231,63.141
poly_2,8.257,63.111
poly_2,8.306,63.096
poly_2,8.278,63.074
poly_2,8.322,63.077
poly_2,8.348,63.084
poly_2,8.322,63.087
poly_2,8.324,63.111
poly_2,8.24,63.14
poly_2,8.334,63.15
poly_2,8.37,63.132
poly_2,8.541,63.136
poly_2,8.619,63.094
poly_2,8.623,63.118
poly_2,8.556,63.142
poly_2,8.571,63.167
poly_2,8.982,63.202
poly_2,8.706,63.192
poly_2,8.689,63.201
poly_2,8.639,63.188
poly_2,8.599,63.194
poly_2,8.604,63.207
poly_2,8.583,63.201
poly_2,8.584,63.225
poly_2,8.529,63.272
poly_2,8.491,63.277
poly_2,8.499,63.291
poly_2,8.845,63.347
poly_2,8.701,63.346
poly_2,8.65,63.39
poly_2,8.658,63.41
poly_2,8.87,63.429
poly_2,8.893,63.389
poly_2,8.881,63.411
poly_2,8.936,63.426
poly_2,8.97,63.412
poly_2,8.953,63.407
poly_2,9.005,63.403
poly_2,9.024,63.413
poly_2,8.971,63.419
poly_2,9,63.429
poly_2,8.976,63.44
poly_2,9.021,63.465
poly_2,9.025,63.446
poly_2,9.096,63.442
poly_2,9.088,63.428
poly_2,9.133,63.421
poly_2,9.153,63.399
poly_2,9.148,63.376
poly_2,9.18,63.374
poly_2,9.119,63.349
poly_2,9.137,63.341
poly_2,9.084,63.309
poly_2,9.101,63.287
poly_2,9.204,63.34
poly_2,9.236,63.332
poly_2,9.24,63.348
poly_2,9.418,63.371
poly_2,9.502,63.397
poly_2,9.365,63.374
poly_2,9.23,63.372
poly_2,9.233,63.391
poly_2,9.213,63.384
poly_2,9.178,63.411
poly_2,9.191,63.43
poly_2,9.494,63.465
poly_2,9.48,63.478
poly_2,9.512,63.484
poly_2,9.339,63.456
poly_2,9.346,63.472
poly_2,9.3,63.472
poly_2,9.315,63.481
poly_2,9.279,63.496
poly_2,9.282,63.467
poly_2,9.337,63.466
poly_2,9.302,63.446
poly_2,9.174,63.461
poly_2,9.147,63.488
poly_2,9.231,63.519
poly_2,9.262,63.491
poly_2,9.275,63.509
poly_2,9.243,63.523
poly_2,9.315,63.519
poly_2,9.392,63.559
poly_2,9.389,63.515
poly_2,9.418,63.5
poly_2,9.412,63.525
poly_2,9.489,63.573
poly_2,9.551,63.569
poly_2,9.584,63.527
poly_2,9.569,63.582
poly_2,9.492,63.579
poly_2,9.603,63.622
poly_2,9.748,63.647
poly_2,9.715,63.615
poly_2,9.742,63.616
poly_2,9.755,63.584
poly_2,9.832,63.541
poly_2,9.805,63.515
poly_2,9.851,63.502
poly_2,9.849,63.484
poly_2,9.978,63.443
poly_2,9.941,63.373
poly_2,9.821,63.315
poly_2,9.85,63.319
poly_2,9.844,63.308
poly_2,9.958,63.347
poly_2,10.036,63.35
poly_2,10.07,63.327
poly_2,10.168,63.311
poly_2,10.226,63.341
poly_2,10.278,63.318
poly_2,10.251,63.344
poly_2,10.146,63.345
poly_2,10.071,63.371
poly_2,10.056,63.386
poly_2,10.093,63.417
poly_2,10.201,63.452
poly_2,10.303,63.455
poly_2,10.38,63.431
poly_2,10.449,63.457
poly_2,10.522,63.431
poly_2,10.642,63.444
poly_2,10.762,63.432
poly_2,10.799,63.414
poly_2,10.81,63.435
poly_2,10.916,63.445
poly_2,10.908,63.455
poly_2,10.871,63.449
poly_2,10.912,63.465
poly_2,10.899,63.474
poly_2,10.882,63.465
poly_2,10.879,63.479
poly_2,10.809,63.473
poly_2,10.757,63.52
poly_2,10.779,63.539
poly_2,10.892,63.545
poly_2,10.932,63.56
poly_2,10.909,63.56
poly_2,10.921,63.57
poly_2,10.858,63.563
poly_2,10.873,63.573
poly_2,10.85,63.575
poly_2,10.954,63.602
poly_2,10.916,63.604
poly_2,10.936,63.613
poly_2,10.9,63.604
poly_2,10.91,63.616
poly_2,10.645,63.539
poly_2,10.628,63.547
poly_2,10.643,63.562
poly_2,10.669,63.559
poly_2,10.712,63.615
poly_2,10.842,63.638
poly_2,10.995,63.713
poly_2,11.045,63.711
poly_2,11.049,63.695
poly_2,11.087,63.711
poly_2,11.149,63.704
poly_2,11.15,63.718
poly_2,11.189,63.711
poly_2,11.214,63.72
poly_2,11.21,63.756
poly_2,11.284,63.763
poly_2,11.295,63.747
poly_2,11.24,63.733
poly_2,11.274,63.729
poly_2,11.277,63.742
poly_2,11.3,63.749
poly_2,11.296,63.755
poly_2,11.345,63.763
poly_2,11.33,63.77
poly_2,11.445,63.774
poly_2,11.428,63.8
poly_2,11.463,63.801
poly_2,11.481,63.782
poly_2,11.526,63.783
poly_2,11.484,63.784
poly_2,11.473,63.801
poly_2,11.399,63.818
poly_2,11.44,63.827
poly_2,11.406,63.846
poly_2,11.368,63.835
poly_2,11.305,63.845
poly_2,11.316,63.855
poly_2,11.295,63.861
poly_2,11.291,63.869
poly_2,11.336,63.859
poly_2,11.378,63.881
poly_2,11.351,63.894
poly_2,11.389,63.927
poly_2,11.375,63.95
poly_2,11.318,63.915
poly_2,11.301,63.868
poly_2,11.295,63.871
poly_2,11.272,63.87
poly_2,11.244,63.862
poly_2,11.231,63.869
poly_2,11.137,63.839
poly_2,11.09,63.839
poly_2,11.072,63.859
poly_2,11.077,63.887
poly_2,11.201,63.916
poly_2,11.283,63.976
poly_2,11.319,63.962
poly_2,11.358,63.975
poly_2,11.382,63.968
poly_2,11.392,63.982
poly_2,11.412,63.972
poly_2,11.502,64.005
poly_2,11.491,64.017
poly_2,11.432,64.014
poly_2,11.433,64.028
poly_2,11.373,64.018
poly_2,11.374,64.03
poly_2,11.346,64.026
poly_2,11.362,64.04
poly_2,11.238,64.028
poly_2,11.235,64.07
poly_2,11.393,64.109
poly_2,11.319,64.12
poly_2,11.303,64.1
poly_2,11.327,64.095
poly_2,11.222,64.074
poly_2,11.206,64.007
poly_2,11.033,63.96
poly_2,10.924,63.904
poly_2,10.685,63.844
poly_2,10.586,63.802
poly_2,10.65,63.809
poly_2,10.683,63.839
poly_2,10.831,63.858
poly_2,10.964,63.907
poly_2,11.049,63.88
poly_2,11.071,63.842
poly_2,10.999,63.812
poly_2,10.955,63.746
poly_2,10.622,63.671
poly_2,10.607,63.648
poly_2,10.426,63.589
poly_2,10.42,63.571
poly_2,10.227,63.555
poly_2,10.1,63.495
poly_2,9.998,63.486
poly_2,9.933,63.503
poly_2,9.888,63.565
poly_2,9.952,63.58
poly_2,9.949,63.558
poly_2,10.01,63.591
poly_2,9.939,63.578
poly_2,9.92,63.593
poly_2,9.96,63.599
poly_2,9.853,63.587
poly_2,9.806,63.627
poly_2,9.857,63.642
poly_2,9.803,63.658
poly_2,9.815,63.684
poly_2,9.853,63.69
poly_2,9.862,63.679
poly_2,9.914,63.702
poly_2,9.961,63.696
poly_2,9.937,63.707
poly_2,9.977,63.72
poly_2,9.98,63.708
poly_2,10.044,63.717
poly_2,10.13,63.754
poly_2,10.016,63.73
poly_2,10.021,63.739
poly_2,10.121,63.784
poly_2,9.933,63.754
poly_2,9.86,63.721
poly_2,9.743,63.697
poly_2,9.677,63.703
poly_2,9.667,63.674
poly_2,9.591,63.672
poly_2,9.567,63.65
poly_2,9.538,63.662
poly_2,9.581,63.692
poly_2,9.54,63.718
poly_2,9.703,63.755
poly_2,9.804,63.762
poly_2,9.612,63.756
poly_2,9.56,63.768
poly_2,9.682,63.817
poly_2,9.612,63.814
poly_2,9.678,63.844
poly_2,9.754,63.866
poly_2,9.733,63.845
poly_2,9.817,63.866
poly_2,9.808,63.841
poly_2,9.686,63.821
poly_2,9.769,63.823
poly_2,9.808,63.83
poly_2,9.817,63.85
poly_2,9.842,63.843
poly_2,9.883,63.855
poly_2,9.885,63.871
poly_2,9.859,63.853
poly_2,9.831,63.872
poly_2,9.876,63.89
poly_2,9.958,63.897
poly_2,9.912,63.877
poly_2,9.937,63.871
poly_2,10.171,63.942
poly_2,10.224,63.928
poly_2,10.201,63.94
poly_2,10.226,63.952
poly_2,10.185,63.951
poly_2,10.195,63.961
poly_2,10.106,63.94
poly_2,10.099,63.948
poly_2,10.061,63.92
poly_2,10.043,63.929
poly_2,9.971,63.901
poly_2,9.947,63.906
poly_2,10.227,64.001
poly_2,10.104,63.964
poly_2,10.113,63.973
poly_2,10.073,63.964
poly_2,10.129,63.983
poly_2,10.046,63.961
poly_2,10.008,63.972
poly_2,10.028,63.963
poly_2,9.952,63.945
poly_2,9.975,63.974
poly_2,10.007,63.977
poly_2,9.991,63.998
poly_2,10.057,63.988
poly_2,10.002,64.018
poly_2,10.028,64.028
poly_2,10.065,64.013
poly_2,10.033,64.035
poly_2,10.082,64.051
poly_2,10.018,64.082
poly_2,10.041,64.08
poly_2,10.028,64.098
poly_2,10.081,64.104
poly_2,10.136,64.067
poly_2,10.257,64.102
poly_2,10.254,64.116
poly_2,10.196,64.102
poly_2,10.118,64.125
poly_2,10.155,64.147
poly_2,10.206,64.137
poly_2,10.173,64.145
poly_2,10.184,64.157
poly_2,10.229,64.148
poly_2,10.226,64.176
poly_2,10.191,64.184
poly_2,10.21,64.206
poly_2,10.265,64.184
poly_2,10.248,64.204
poly_2,10.287,64.206
poly_2,10.301,64.187
poly_2,10.3,64.212
poly_2,10.355,64.204
poly_2,10.372,64.175
poly_2,10.391,64.204
poly_2,10.275,64.235
poly_2,10.36,64.257
poly_2,10.336,64.267
poly_2,10.369,64.285
poly_2,10.425,64.255
poly_2,10.393,64.276
poly_2,10.406,64.296
poly_2,10.436,64.298
poly_2,10.452,64.279
poly_2,10.447,64.298
poly_2,10.491,64.289
poly_2,10.509,64.296
poly_2,10.485,64.297
poly_2,10.507,64.306
poly_2,10.454,64.299
poly_2,10.445,64.328
poly_2,10.48,64.331
poly_2,10.445,64.353
poly_2,10.513,64.336
poly_2,10.468,64.352
poly_2,10.488,64.358
poly_2,10.562,64.326
poly_2,10.511,64.374
poly_2,10.582,64.367
poly_2,10.615,64.339
poly_2,10.679,64.357
poly_2,10.613,64.364
poly_2,10.621,64.384
poly_2,10.572,64.386
poly_2,10.563,64.402
poly_2,10.489,64.388
poly_2,10.454,64.404
poly_2,10.497,64.427
poly_2,10.53,64.44
poly_2,10.635,64.39
poly_2,10.612,64.43
poly_2,10.58,64.425
poly_2,10.548,64.44
poly_2,10.59,64.438
poly_2,10.617,64.458
poly_2,10.681,64.412
poly_2,10.751,64.415
poly_2,10.759,64.378
poly_2,10.8,64.386
poly_2,10.807,64.37
poly_2,10.841,64.368
poly_2,10.783,64.405
poly_2,10.794,64.42
poly_2,10.82,64.416
poly_2,10.808,64.437
poly_2,10.742,64.443
poly_2,10.745,64.431
poly_2,10.703,64.424
poly_2,10.654,64.452
poly_2,10.692,64.459
poly_2,10.695,64.478
poly_2,10.751,64.455
poly_2,10.762,64.48
poly_2,10.787,64.461
poly_2,10.772,64.482
poly_2,10.822,64.472
poly_2,10.826,64.455
poly_2,10.863,64.454
poly_2,10.791,64.512
poly_2,10.88,64.501
poly_2,10.892,64.463
poly_2,10.888,64.506
poly_2,10.929,64.505
poly_2,10.906,64.516
poly_2,10.988,64.502
poly_2,10.948,64.52
poly_2,10.975,64.539
poly_2,10.907,64.577
poly_2,10.976,64.607
poly_2,10.999,64.585
poly_2,11.089,64.569
poly_2,11.073,64.514
poly_2,11.127,64.521
poly_2,11.188,64.482
poly_2,11.157,64.44
poly_2,11.196,64.426
poly_2,11.193,64.445
poly_2,11.287,64.455
poly_2,11.293,64.439
poly_2,11.341,64.437
poly_2,11.314,64.39
poly_2,11.247,64.362
poly_2,11.221,64.31
poly_2,11.271,64.356
poly_2,11.331,64.373
poly_2,11.331,64.392
poly_2,11.376,64.399
poly_2,11.4,64.379
poly_2,11.362,64.367
poly_2,11.407,64.369
poly_2,11.387,64.404
poly_2,11.352,64.418
poly_2,11.403,64.447
poly_2,11.419,64.433
poly_2,11.486,64.436
poly_2,11.546,64.463
poly_2,11.483,64.468
poly_2,11.445,64.453
poly_2,11.427,64.475
poly_2,11.463,64.486
poly_2,11.437,64.497
poly_2,11.464,64.518
poly_2,11.538,64.518
poly_2,11.489,64.543
poly_2,11.529,64.547
poly_2,11.522,64.56
poly_2,11.576,64.555
poly_2,11.539,64.545
poly_2,11.547,64.531
poly_2,11.622,64.568
poly_2,11.795,64.589
poly_2,11.692,64.594
poly_2,11.612,64.569
poly_2,11.63,64.613
poly_2,11.608,64.622
poly_2,11.539,64.601
poly_2,11.594,64.606
poly_2,11.598,64.584
poly_2,11.517,64.567
poly_2,11.403,64.627
poly_2,11.413,64.647
poly_2,11.383,64.659
poly_2,11.388,64.685
poly_2,11.401,64.676
poly_2,11.437,64.692
poly_2,11.405,64.712
poly_2,11.52,64.729
poly_2,11.524,64.751
poly_2,11.647,64.736
poly_2,11.585,64.75
poly_2,11.636,64.761
poly_2,11.575,64.754
poly_2,11.575,64.769
poly_2,11.687,64.77
poly_2,11.719,64.785
poly_2,11.73,64.766
poly_2,11.867,64.794
poly_2,11.808,64.806
poly_2,11.736,64.794
poly_2,11.743,64.809
poly_2,11.626,64.815
poly_2,11.816,64.86
poly_2,11.672,64.832
poly_2,11.663,64.855
poly_2,11.726,64.871
poly_2,11.694,64.873
poly_2,11.958,64.934
poly_2,12.025,64.931
poly_2,12.116,64.964
poly_2,12.18,64.956
poly_2,12.177,64.933
poly_2,12.235,64.941
poly_2,12.338,64.928
poly_2,12.457,64.889
poly_2,12.393,64.925
poly_2,12.3,64.947
poly_2,12.217,64.946
poly_2,12.149,64.968
poly_2,12.055,64.971
poly_2,12.01,64.947
poly_2,11.953,64.95
poly_2,11.735,64.885
poly_2,11.615,64.868
poly_2,11.66,64.864
poly_2,11.64,64.837
poly_2,11.552,64.813
poly_2,11.46,64.808
poly_2,11.466,64.793
poly_2,11.403,64.79
poly_2,11.469,64.791
poly_2,11.393,64.752
poly_2,11.25,64.728
poly_2,11.219,64.728
poly_2,11.282,64.75
poly_2,11.211,64.73
poly_2,11.192,64.737
poly_2,11.22,64.744
poly_2,11.182,64.741
poly_2,11.348,64.764
poly_2,11.388,64.793
poly_2,11.447,64.81
poly_2,11.302,64.813
poly_2,11.333,64.823
poly_2,11.278,64.816
poly_2,11.3,64.815
poly_2,11.277,64.802
poly_2,11.242,64.806
poly_2,11.26,64.833
poly_2,11.307,64.836
poly_2,11.273,64.849
poly_2,11.572,64.869
poly_2,11.728,64.908
poly_2,11.574,64.881
poly_2,11.566,64.909
poly_2,11.594,64.898
poly_2,11.616,64.93
poly_2,11.538,64.9
poly_2,11.476,64.939
poly_2,11.57,64.958
poly_2,11.573,64.942
poly_2,11.608,64.962
poly_2,11.622,64.934
poly_2,11.654,64.933
poly_2,11.612,64.967
poly_2,11.656,64.97
poly_2,11.669,64.951
poly_2,11.727,64.954
poly_2,11.789,64.985
poly_2,11.724,64.987
poly_2,11.715,64.974
poly_2,11.686,64.984
poly_2,11.592,64.979
poly_2,11.618,64.999
poly_2,11.714,65.018
poly_2,11.725,65.001
poly_2,11.764,65.006
poly_2,11.788,64.992
poly_2,11.808,65.022
poly_2,11.951,65.06
poly_2,12.013,65.098
poly_2,12.042,65.077
poly_2,12.07,65.079
poly_2,12.055,65.108
poly_2,12.086,65.134
poly_2,12.101,65.113
poly_2,12.169,65.121
poly_2,12.12,65.121
poly_2,12.108,65.134
poly_2,12.124,65.191
poly_2,12.232,65.212
poly_2,12.303,65.161
poly_2,12.23,65.11
poly_2,12.34,65.112
poly_2,12.292,65.08
poly_2,12.179,65.054
poly_2,12.127,65.052
poly_2,12.083,65.07
poly_2,11.972,65.066
poly_2,12.074,65.065
poly_2,12.121,65.051
poly_2,12.094,65.04
poly_2,12.168,65.046
poly_2,12.198,65.021
poly_2,12.181,64.982
poly_2,12.216,65.016
poly_2,12.17,65.049
poly_2,12.314,65.067
poly_2,12.385,65.093
poly_2,12.455,65.073
poly_2,12.495,65.106
poly_2,12.439,65.088
poly_2,12.4,65.099
poly_2,12.586,65.132
poly_2,12.708,65.193
poly_2,12.794,65.213
poly_2,12.856,65.274
poly_2,12.96,65.313
poly_2,12.943,65.333
poly_2,12.73,65.215
poly_2,12.494,65.134
poly_2,12.351,65.159
poly_2,12.413,65.193
poly_2,12.455,65.183
poly_2,12.512,65.196
poly_2,12.426,65.207
poly_2,12.425,65.234
poly_2,12.335,65.228
poly_2,12.44,65.249
poly_2,12.413,65.259
poly_2,12.462,65.258
poly_2,12.429,65.271
poly_2,12.371,65.257
poly_2,12.395,65.27
poly_2,12.363,65.268
poly_2,12.315,65.259
poly_2,12.276,65.227
poly_2,12.25,65.23
poly_2,12.353,65.303
poly_2,12.471,65.326
poly_2,12.47,65.336
poly_2,12.404,65.323
poly_2,12.473,65.371
poly_2,12.27,65.312
poly_2,12.232,65.33
poly_2,12.265,65.274
poly_2,12.191,65.238
poly_2,12.076,65.209
poly_2,12.039,65.216
poly_2,12.102,65.236
poly_2,12.104,65.267
poly_2,12.13,65.27
poly_2,12.133,65.284
poly_2,12.104,65.284
poly_2,12.146,65.308
poly_2,12.085,65.305
poly_2,12.13,65.328
poly_2,12.147,65.371
poly_2,12.195,65.368
poly_2,12.195,65.345
poly_2,12.217,65.352
poly_2,12.191,65.371
poly_2,12.239,65.381
poly_2,12.233,65.367
poly_2,12.277,65.393
poly_2,12.173,65.372
poly_2,12.158,65.388
poly_2,12.353,65.467
poly_2,12.327,65.469
poly_2,12.345,65.494
poly_2,12.237,65.466
poly_2,12.301,65.505
poly_2,12.221,65.481
poly_2,12.229,65.459
poly_2,12.176,65.44
poly_2,12.221,65.465
poly_2,12.187,65.462
poly_2,12.247,65.502
poly_2,12.261,65.545
poly_2,12.242,65.536
poly_2,12.239,65.546
poly_2,12.275,65.563
poly_2,12.23,65.554
poly_2,12.292,65.588
poly_2,12.325,65.577
poly_2,12.327,65.537
poly_2,12.452,65.479
poly_2,12.441,65.417
poly_2,12.453,65.425
poly_2,12.513,65.399
poly_2,12.515,65.382
poly_2,12.531,65.404
poly_2,12.494,65.409
poly_2,12.454,65.453
poly_2,12.485,65.461
poly_2,12.472,65.444
poly_2,12.539,65.444
poly_2,12.528,65.456
poly_2,12.57,65.438
poly_2,12.549,65.404
poly_2,12.592,65.406
poly_2,12.588,65.443
poly_2,12.712,65.364
poly_2,12.61,65.436
poly_2,12.641,65.429
poly_2,12.646,65.448
poly_2,12.782,65.465
poly_2,12.636,65.454
poly_2,12.605,65.464
poly_2,12.666,65.481
poly_2,12.594,65.474
poly_2,12.55,65.507
poly_2,12.627,65.527
poly_2,12.578,65.532
poly_2,12.566,65.588
poly_2,12.526,65.515
poly_2,12.494,65.508
poly_2,12.458,65.521
poly_2,12.54,65.586
poly_2,12.45,65.525
poly_2,12.427,65.528
poly_2,12.381,65.567
poly_2,12.421,65.589
poly_2,12.376,65.582
poly_2,12.348,65.627
poly_2,12.514,65.74
poly_2,12.607,65.702
poly_2,12.575,65.678
poly_2,12.606,65.694
poly_2,12.647,65.685
poly_2,12.611,65.651
poly_2,12.645,65.672
poly_2,12.636,65.646
poly_2,12.786,65.634
poly_2,12.65,65.651
poly_2,12.672,65.689
poly_2,12.537,65.753
poly_2,12.648,65.815
poly_2,12.72,65.778
poly_2,12.688,65.8
poly_2,12.729,65.804
poly_2,12.693,65.82
poly_2,12.693,65.848
poly_2,12.676,65.82
poly_2,12.599,65.824
poly_2,12.667,65.922
poly_2,12.87,65.974
poly_2,12.942,65.926
poly_2,13.03,65.925
poly_2,13.081,65.889
poly_2,13.126,65.896
poly_2,13.187,65.839
poly_2,13.17,65.91
poly_2,13.121,65.935
poly_2,13.146,65.95
poly_2,13.091,65.932
poly_2,12.895,65.972
poly_2,12.951,66.006
poly_2,12.947,66.048
poly_2,13.052,66.077
poly_2,12.657,66.031
poly_2,12.832,66.068
poly_2,12.657,66.043
poly_2,12.754,66.062
poly_2,12.681,66.06
poly_2,12.676,66.071
poly_2,12.821,66.127
poly_2,13.073,66.158
poly_2,13.075,66.141
poly_2,13.093,66.161
poly_2,13.24,66.189
poly_2,13.298,66.222
poly_2,13.382,66.218
poly_2,13.522,66.242
poly_2,13.583,66.235
poly_2,13.586,66.217
poly_2,13.483,66.193
poly_2,13.61,66.202
poly_2,13.541,66.137
poly_2,13.548,66.104
poly_2,13.65,66.164
poly_2,13.812,66.166
poly_2,13.826,66.138
poly_2,13.842,66.164
poly_2,13.789,66.185
poly_2,13.684,66.176
poly_2,13.664,66.193
poly_2,13.614,66.179
poly_2,13.653,66.21
poly_2,13.599,66.225
poly_2,13.793,66.243
poly_2,13.823,66.236
poly_2,13.77,66.203
poly_2,13.787,66.191
poly_2,13.857,66.229
poly_2,13.986,66.249
poly_2,13.973,66.268
poly_2,14.13,66.308
poly_2,14.141,66.336
poly_2,14.175,66.323
poly_2,14.165,66.336
poly_2,14.124,66.34
poly_2,14.025,66.307
poly_2,13.936,66.302
poly_2,13.902,66.27
poly_2,13.82,66.277
poly_2,13.753,66.257
poly_2,13.731,66.265
poly_2,13.773,66.275
poly_2,13.784,66.294
poly_2,13.735,66.295
poly_2,13.758,66.278
poly_2,13.725,66.273
poly_2,13.735,66.257
poly_2,13.62,66.241
poly_2,13.574,66.261
poly_2,13.633,66.288
poly_2,13.567,66.291
poly_2,13.558,66.271
poly_2,13.466,66.247
poly_2,13.385,66.237
poly_2,13.316,66.25
poly_2,13.154,66.194
poly_2,13.038,66.174
poly_2,13.006,66.19
poly_2,13.193,66.278
poly_2,13.372,66.303
poly_2,13.563,66.307
poly_2,13.447,66.32
poly_2,13.429,66.331
poly_2,13.487,66.345
poly_2,13.436,66.349
poly_2,13.322,66.32
poly_2,13.162,66.302
poly_2,13.111,66.307
poly_2,13.153,66.333
poly_2,13.099,66.311
poly_2,13,66.331
poly_2,12.997,66.356
poly_2,13.157,66.402
poly_2,13.151,66.439
poly_2,13.077,66.466
poly_2,13.172,66.466
poly_2,13.104,66.475
poly_2,13.1,66.499
poly_2,13.04,66.495
poly_2,12.983,66.532
poly_2,13.127,66.551
poly_2,13.126,66.535
poly_2,13.214,66.519
poly_2,13.251,66.48
poly_2,13.21,66.455
poly_2,13.256,66.446
poly_2,13.426,66.475
poly_2,13.267,66.467
poly_2,13.308,66.506
poly_2,13.261,66.528
poly_2,13.506,66.548
poly_2,13.667,66.515
poly_2,13.649,66.538
poly_2,13.469,66.566
poly_2,13.563,66.601
poly_2,13.73,66.603
poly_2,13.631,66.615
poly_2,13.495,66.592
poly_2,13.446,66.562
poly_2,13.289,66.548
poly_2,13.204,66.556
poly_2,13.185,66.569
poly_2,13.246,66.597
poly_2,13.226,66.611
poly_2,13.256,66.625
poly_2,13.284,66.612
poly_2,13.279,66.63
poly_2,13.321,66.624
poly_2,13.319,66.638
poly_2,13.412,66.622
poly_2,13.32,66.645
poly_2,13.217,66.631
poly_2,13.168,66.658
poly_2,13.229,66.681
poly_2,13.255,66.666
poly_2,13.362,66.67
poly_2,13.395,66.656
poly_2,13.455,66.663
poly_2,13.566,66.648
poly_2,13.531,66.671
poly_2,13.402,66.688
poly_2,13.422,66.694
poly_2,13.296,66.695
poly_2,13.274,66.704
poly_2,13.299,66.708
poly_2,13.21,66.715
poly_2,13.217,66.726
poly_2,13.399,66.734
poly_2,13.458,66.73
poly_2,13.477,66.714
poly_2,13.525,66.726
poly_2,13.556,66.697
poly_2,13.711,66.699
poly_2,13.682,66.715
poly_2,13.902,66.73
poly_2,13.773,66.733
poly_2,13.572,66.71
poly_2,13.547,66.755
poly_2,13.758,66.759
poly_2,13.52,66.765
poly_2,13.548,66.772
poly_2,13.504,66.775
poly_2,13.524,66.784
poly_2,13.487,66.794
poly_2,13.5,66.805
poly_2,13.703,66.813
poly_2,13.82,66.795
poly_2,14.001,66.797
poly_2,13.802,66.814
poly_2,13.748,66.846
poly_2,13.673,66.832
poly_2,13.725,66.842
poly_2,13.695,66.853
poly_2,13.735,66.861
poly_2,13.656,66.883
poly_2,13.632,66.908
poly_2,13.538,66.901
poly_2,13.543,66.934
poly_2,13.499,66.934
poly_2,13.494,66.952
poly_2,13.545,66.955
poly_2,13.556,66.936
poly_2,13.61,66.952
poly_2,13.741,66.948
poly_2,13.802,66.964
poly_2,13.73,66.978
poly_2,13.863,66.983
poly_2,13.873,67.002
poly_2,13.96,67.012
poly_2,14,67.001
poly_2,13.944,66.968
poly_2,13.894,66.972
poly_2,13.905,66.948
poly_2,14.014,66.988
poly_2,14.013,66.962
poly_2,14.023,66.986
poly_2,14.063,66.991
poly_2,14.017,67.03
poly_2,14.052,67.082
poly_2,14.102,67.058
poly_2,14.141,66.995
poly_2,14.17,67.001
poly_2,14.148,66.974
poly_2,14.181,66.999
poly_2,14.241,67.001
poly_2,14.277,67.055
poly_2,14.235,67.078
poly_2,14.311,67.068
poly_2,14.399,67.092
poly_2,14.391,67.079
poly_2,14.43,67.085
poly_2,14.498,67.054
poly_2,14.532,67.067
poly_2,14.572,67.053
poly_2,14.56,67.018
poly_2,14.613,67.034
poly_2,14.585,67.071
poly_2,14.484,67.068
poly_2,14.399,67.096
poly_2,14.327,67.077
poly_2,14.301,67.093
poly_2,14.24,67.093
poly_2,14.319,67.121
poly_2,14.342,67.174
poly_2,14.467,67.201
poly_2,14.485,67.196
poly_2,14.459,67.181
poly_2,14.578,67.178
poly_2,14.621,67.198
poly_2,14.644,67.182
poly_2,14.714,67.181
poly_2,14.745,67.19
poly_2,14.511,67.208
poly_2,14.612,67.222
poly_2,14.709,67.211
poly_2,14.8,67.24
poly_2,14.844,67.228
poly_2,14.972,67.249
poly_2,15.008,67.241
poly_2,14.941,67.225
poly_2,14.971,67.209
poly_2,14.886,67.171
poly_2,14.948,67.153
poly_2,14.97,67.119
poly_2,15.001,67.121
poly_2,14.995,67.139
poly_2,14.918,67.169
poly_2,15.011,67.213
poly_2,15.001,67.232
poly_2,15.079,67.237
poly_2,15.139,67.21
poly_2,15.218,67.221
poly_2,15.3,67.192
poly_2,15.39,67.189
poly_2,15.418,67.168
poly_2,15.389,67.104
poly_2,15.471,67.098
poly_2,15.434,67.115
poly_2,15.482,67.184
poly_2,15.405,67.223
poly_2,15.35,67.222
poly_2,15.43,67.26
poly_2,15.296,67.228
poly_2,15.247,67.238
poly_2,15.338,67.247
poly_2,15.335,67.267
poly_2,15.254,67.271
poly_2,15.171,67.254
poly_2,15.114,67.274
poly_2,15.038,67.272
poly_2,15.077,67.284
poly_2,15.092,67.279
poly_2,15.133,67.292
poly_2,15.163,67.29
poly_2,15.197,67.307
poly_2,15.255,67.313
poly_2,15.262,67.348
poly_2,15.232,67.345
poly_2,15.234,67.334
poly_2,15.206,67.329
poly_2,15.169,67.296
poly_2,15.142,67.294
poly_2,15.173,67.33
poly_2,15.033,67.321
poly_2,14.986,67.3
poly_2,15.022,67.291
poly_2,14.791,67.289
poly_2,14.868,67.284
poly_2,14.713,67.24
poly_2,14.689,67.252
poly_2,14.723,67.263
poly_2,14.736,67.315
poly_2,14.594,67.278
poly_2,14.31,67.257
poly_2,14.395,67.288
poly_2,14.365,67.286
poly_2,14.391,67.308
poly_2,14.476,67.322
poly_2,14.633,67.385
poly_2,14.642,67.402
poly_2,14.573,67.403
poly_2,14.632,67.413
poly_2,14.649,67.441
poly_2,14.756,67.434
poly_2,14.805,67.448
poly_2,14.861,67.436
poly_2,14.82,67.387
poly_2,14.86,67.385
poly_2,14.906,67.432
poly_2,15.055,67.452
poly_2,14.819,67.461
poly_2,14.718,67.452
poly_2,14.651,67.477
poly_2,14.902,67.568
poly_2,15.057,67.594
poly_2,15.152,67.565
poly_2,15.15,67.549
poly_2,15.091,67.543
poly_2,15,67.578
poly_2,14.998,67.558
poly_2,15.081,67.529
poly_2,15.011,67.497
poly_2,14.928,67.489
poly_2,14.995,67.486
poly_2,15.054,67.511
poly_2,15.2,67.531
poly_2,15.242,67.508
poly_2,15.144,67.495
poly_2,15.177,67.475
poly_2,15.13,67.459
poly_2,15.14,67.431
poly_2,15.284,67.51
poly_2,15.431,67.497
poly_2,15.479,67.479
poly_2,15.474,67.444
poly_2,15.542,67.407
poly_2,15.544,67.371
poly_2,15.582,67.376
poly_2,15.581,67.351
poly_2,15.635,67.37
poly_2,15.592,67.399
poly_2,15.635,67.407
poly_2,15.709,67.395
poly_2,15.726,67.379
poly_2,15.725,67.362
poly_2,15.763,67.359
poly_2,15.752,67.385
poly_2,15.718,67.396
poly_2,15.644,67.407
poly_2,15.727,67.441
poly_2,15.582,67.41
poly_2,15.516,67.459
poly_2,15.594,67.48
poly_2,15.527,67.48
poly_2,15.674,67.553
poly_2,15.881,67.576
poly_2,15.858,67.587
poly_2,15.918,67.595
poly_2,15.66,67.561
poly_2,15.519,67.51
poly_2,15.458,67.536
poly_2,15.293,67.535
poly_2,15.214,67.558
poly_2,15.24,67.616
poly_2,15.306,67.621
poly_2,15.433,67.6
poly_2,15.44,67.578
poly_2,15.438,67.611
poly_2,15.407,67.607
poly_2,15.286,67.64
poly_2,15.243,67.627
poly_2,15.161,67.632
poly_2,15.232,67.686
poly_2,15.338,67.692
poly_2,15.247,67.702
poly_2,15.311,67.738
poly_2,15.523,67.682
poly_2,15.503,67.702
poly_2,15.539,67.71
poly_2,15.653,67.687
poly_2,15.561,67.72
poly_2,15.476,67.716
poly_2,15.408,67.746
poly_2,15.506,67.768
poly_2,15.602,67.765
poly_2,15.701,67.733
poly_2,15.758,67.731
poly_2,15.826,67.685
poly_2,15.855,67.71
poly_2,15.789,67.713
poly_2,15.783,67.74
poly_2,15.612,67.788
poly_2,15.58,67.78
poly_2,15.432,67.811
poly_2,15.413,67.824
poly_2,15.455,67.853
poly_2,15.426,67.874
poly_2,15.434,67.852
poly_2,15.4,67.842
poly_2,15.365,67.879
poly_2,15.399,67.834
poly_2,15.38,67.804
poly_2,15.199,67.755
poly_2,15.168,67.717
poly_2,14.919,67.659
poly_2,14.765,67.658
poly_2,14.74,67.679
poly_2,14.895,67.712
poly_2,14.874,67.722
poly_2,14.798,67.717
poly_2,14.806,67.729
poly_2,14.765,67.726
poly_2,14.784,67.737
poly_2,14.891,67.735
poly_2,14.969,67.751
poly_2,15.04,67.744
poly_2,15.145,67.763
poly_2,15.019,67.759
poly_2,15.037,67.771
poly_2,14.992,67.77
poly_2,15.051,67.795
poly_2,14.823,67.771
poly_2,14.875,67.787
poly_2,14.836,67.789
poly_2,14.851,67.804
poly_2,14.757,67.8
poly_2,14.81,67.849
poly_2,14.884,67.831
poly_2,14.943,67.853
poly_2,15.057,67.867
poly_2,15.097,67.852
poly_2,15.137,67.869
poly_2,15.09,67.875
poly_2,14.848,67.857
poly_2,14.905,67.873
poly_2,14.849,67.878
poly_2,15.01,67.907
poly_2,15.102,67.908
poly_2,15.087,67.899
poly_2,15.135,67.893
poly_2,15.232,67.904
poly_2,15.202,67.891
poly_2,15.256,67.888
poly_2,15.175,67.848
poly_2,15.328,67.917
poly_2,15.358,67.919
poly_2,15.334,67.902
poly_2,15.546,67.942
poly_2,15.529,67.909
poly_2,15.588,67.949
poly_2,15.745,67.97
poly_2,15.81,67.959
poly_2,15.869,67.906
poly_2,15.87,67.94
poly_2,15.929,67.965
poly_2,15.88,67.977
poly_2,15.941,67.969
poly_2,15.934,67.981
poly_2,15.975,67.979
poly_2,15.948,67.993
poly_2,16.001,67.996
poly_2,15.949,67.997
poly_2,15.98,68.012
poly_2,15.939,68.03
poly_2,15.857,68.037
poly_2,15.831,68.056
poly_2,15.755,68.044
poly_2,15.83,68.039
poly_2,15.805,68.03
poly_2,15.71,68.047
poly_2,15.577,68.045
poly_2,15.57,68.069
poly_2,15.598,68.073
poly_2,15.52,68.101
poly_2,15.516,68.059
poly_2,15.398,68.038
poly_2,15.441,68.026
poly_2,15.407,67.995
poly_2,15.369,68.006
poly_2,15.383,68.022
poly_2,15.304,68.019
poly_2,15.278,68.061
poly_2,15.347,68.065
poly_2,15.313,68.081
poly_2,15.359,68.108
poly_2,15.41,68.09
poly_2,15.376,68.111
poly_2,15.424,68.125
poly_2,15.404,68.144
poly_2,15.504,68.162
poly_2,15.488,68.151
poly_2,15.525,68.139
poly_2,15.481,68.127
poly_2,15.524,68.108
poly_2,15.53,68.134
poly_2,15.563,68.121
poly_2,15.582,68.149
poly_2,15.629,68.141
poly_2,15.634,68.178
poly_2,15.592,68.182
poly_2,15.626,68.189
poly_2,15.668,68.187
poly_2,15.646,68.177
poly_2,15.691,68.161
poly_2,15.689,68.173
poly_2,15.719,68.171
poly_2,15.725,68.15
poly_2,15.685,68.147
poly_2,15.728,68.119
poly_2,15.705,68.105
poly_2,15.599,68.112
poly_2,15.655,68.085
poly_2,15.608,68.074
poly_2,15.629,68.059
poly_2,15.658,68.06
poly_2,15.666,68.089
poly_2,15.744,68.088
poly_2,15.751,68.109
poly_2,15.805,68.097
poly_2,15.807,68.118
poly_2,15.845,68.112
poly_2,15.897,68.134
poly_2,15.879,68.151
poly_2,15.943,68.152
poly_2,15.872,68.161
poly_2,15.853,68.201
poly_2,15.959,68.204
poly_2,15.929,68.26
poly_2,16.002,68.266
poly_2,16.065,68.255
poly_2,16.054,68.225
poly_2,16.122,68.206
poly_2,16.02,68.189
poly_2,16.093,68.179
poly_2,16.113,68.2
poly_2,16.141,68.187
poly_2,16.115,68.086
poly_2,16.062,68.047
poly_2,16.162,68.025
poly_2,16.221,67.973
poly_2,16.203,67.899
poly_2,16.269,67.894
poly_2,16.46,67.82
poly_2,16.517,67.816
poly_2,16.437,67.838
poly_2,16.465,67.86
poly_2,16.238,67.903
poly_2,16.283,67.986
poly_2,16.19,68.022
poly_2,16.233,68.025
poly_2,16.236,68.039
poly_2,16.285,68.027
poly_2,16.305,67.994
poly_2,16.459,67.915
poly_2,16.442,67.935
poly_2,16.474,67.953
poly_2,16.393,67.953
poly_2,16.316,68.027
poly_2,16.379,68.017
poly_2,16.405,68.025
poly_2,16.46,67.969
poly_2,16.525,67.966
poly_2,16.534,67.977
poly_2,16.473,67.977
poly_2,16.458,68.003
poly_2,16.512,68.027
poly_2,16.354,68.043
poly_2,16.454,68.122
poly_2,16.555,68.081
poly_2,16.64,68.081
poly_2,16.654,68.063
poly_2,16.69,68.074
poly_2,16.646,68.085
poly_2,16.739,68.087
poly_2,16.566,68.096
poly_2,16.488,68.134
poly_2,16.43,68.125
poly_2,16.368,68.091
poly_2,16.328,68.098
poly_2,16.252,68.145
poly_2,16.338,68.141
poly_2,16.369,68.172
poly_2,16.419,68.14
poly_2,16.385,68.179
poly_2,16.48,68.166
poly_2,16.476,68.189
poly_2,16.386,68.207
poly_2,16.555,68.176
poly_2,16.607,68.185
poly_2,16.478,68.204
poly_2,16.477,68.243
poly_2,16.446,68.224
poly_2,16.196,68.211
poly_2,16.184,68.233
poly_2,16.365,68.247
poly_2,16.342,68.272
poly_2,16.277,68.259
poly_2,16.263,68.272
poly_2,16.144,68.285
poly_2,16.169,68.322
poly_2,16.242,68.333
poly_2,16.267,68.31
poly_2,16.295,68.322
poly_2,16.346,68.299
poly_2,16.381,68.298
poly_2,16.358,68.315
poly_2,16.452,68.298
poly_2,16.457,68.288
poly_2,16.404,68.291
poly_2,16.509,68.282
poly_2,16.605,68.239
poly_2,16.604,68.202
poly_2,16.729,68.159
poly_2,16.819,68.155
poly_2,16.637,68.215
poly_2,16.647,68.231
poly_2,16.601,68.25
poly_2,16.637,68.264
poly_2,16.619,68.28
poly_2,16.35,68.321
poly_2,16.393,68.328
poly_2,16.348,68.336
poly_2,16.298,68.328
poly_2,16.277,68.339
poly_2,16.332,68.352
poly_2,16.308,68.366
poly_2,16.281,68.348
poly_2,16.275,68.374
poly_2,16.403,68.379
poly_2,16.481,68.408
poly_2,16.574,68.41
poly_2,16.598,68.423
poly_2,16.669,68.405
poly_2,16.739,68.423
poly_2,16.786,68.414
poly_2,16.773,68.402
poly_2,16.897,68.387
poly_2,16.903,68.368
poly_2,16.84,68.339
poly_2,17.028,68.356
poly_2,17.044,68.384
poly_2,17.189,68.391
poly_2,17.236,68.371
poly_2,17.24,68.313
poly_2,17.337,68.28
poly_2,17.322,68.192
poly_2,17.365,68.209
poly_2,17.335,68.224
poly_2,17.358,68.259
poly_2,17.389,68.249
poly_2,17.407,68.26
poly_2,17.354,68.297
poly_2,17.263,68.32
poly_2,17.248,68.395
poly_2,17.304,68.403
poly_2,17.297,68.42
poly_2,17.384,68.422
poly_2,17.425,68.403
poly_2,17.576,68.373
poly_2,17.596,68.38
poly_2,17.417,68.411
poly_2,17.426,68.428
poly_2,17.38,68.433
poly_2,17.395,68.445
poly_2,17.541,68.455
poly_2,17.71,68.441
poly_2,17.802,68.409
poly_2,17.901,68.414
poly_2,17.794,68.421
poly_2,17.633,68.475
poly_2,17.545,68.48
poly_2,17.471,68.467
poly_2,17.566,68.52
poly_2,17.544,68.551
poly_2,17.251,68.464
poly_2,17.049,68.45
poly_2,17.013,68.455
poly_2,17.026,68.466
poly_2,17.104,68.486
poly_2,16.996,68.526
poly_2,16.938,68.515
poly_2,16.873,68.469
poly_2,16.51,68.445
poly_2,16.531,68.482
poly_2,16.451,68.507
poly_2,16.473,68.523
poly_2,16.462,68.542
poly_2,16.534,68.562
poly_2,16.624,68.535
poly_2,16.651,68.568
poly_2,16.625,68.562
poly_2,16.557,68.583
poly_2,16.591,68.632
poly_2,16.715,68.649
poly_2,16.722,68.669
poly_2,16.799,68.686
poly_2,16.899,68.683
poly_2,16.965,68.714
poly_2,17.043,68.716
poly_2,17.06,68.679
poly_2,17.115,68.675
poly_2,17.116,68.653
poly_2,17.168,68.644
poly_2,17.21,68.659
poly_2,17.116,68.671
poly_2,17.114,68.711
poly_2,17.265,68.736
poly_2,17.405,68.728
poly_2,17.443,68.684
poly_2,17.584,68.686
poly_2,17.687,68.669
poly_2,17.611,68.692
poly_2,17.48,68.7
poly_2,17.425,68.744
poly_2,17.322,68.736
poly_2,17.252,68.762
poly_2,17.465,68.82
poly_2,17.627,68.783
poly_2,17.739,68.776
poly_2,17.805,68.749
poly_2,17.763,68.79
poly_2,17.651,68.796
poly_2,17.475,68.831
poly_2,17.611,68.887
poly_2,17.702,68.901
poly_2,17.728,68.89
poly_2,17.687,68.88
poly_2,17.717,68.872
poly_2,17.858,68.866
poly_2,17.777,68.905
poly_2,17.713,68.909
poly_2,17.716,68.934
poly_2,17.46,68.893
poly_2,17.47,68.952
poly_2,17.567,68.964
poly_2,17.545,68.984
poly_2,17.49,68.98
poly_2,17.475,68.993
poly_2,17.696,69.086
poly_2,17.648,69.098
poly_2,17.601,69.089
poly_2,17.646,69.109
poly_2,17.789,69.116
poly_2,17.986,69.153
poly_2,18.06,69.147
poly_2,18.053,69.132
poly_2,18.147,69.145
poly_2,18.204,69.121
poly_2,18.156,69.158
poly_2,18.116,69.169
poly_2,18.083,69.158
poly_2,18.051,69.182
poly_2,18.086,69.231
poly_2,17.969,69.229
poly_2,18.001,69.256
poly_2,17.984,69.308
poly_2,18.104,69.344
poly_2,18.097,69.381
poly_2,18.178,69.39
poly_2,18.152,69.467
poly_2,18.197,69.46
poly_2,18.271,69.484
poly_2,18.371,69.456
poly_2,18.349,69.383
poly_2,18.271,69.351
poly_2,18.198,69.272
poly_2,18.27,69.302
poly_2,18.289,69.353
poly_2,18.395,69.396
poly_2,18.5,69.367
poly_2,18.476,69.216
poly_2,18.539,69.276
poly_2,18.529,69.333
poly_2,18.562,69.358
poly_2,18.57,69.318
poly_2,18.698,69.272
poly_2,18.689,69.253
poly_2,18.716,69.281
poly_2,18.64,69.313
poly_2,18.677,69.323
poly_2,18.872,69.327
poly_2,18.897,69.317
poly_2,18.856,69.305
poly_2,19.008,69.286
poly_2,18.934,69.328
poly_2,18.821,69.332
poly_2,18.641,69.368
poly_2,18.549,69.427
poly_2,18.451,69.442
poly_2,18.482,69.477
poly_2,18.445,69.511
poly_2,18.775,69.543
poly_2,18.828,69.563
poly_2,18.871,69.524
poly_2,18.835,69.495
poly_2,18.854,69.482
poly_2,18.892,69.491
poly_2,18.909,69.45
poly_2,18.997,69.422
poly_2,18.988,69.39
poly_2,19.109,69.346
poly_2,19.294,69.345
poly_2,19.331,69.329
poly_2,19.338,69.297
poly_2,19.231,69.235
poly_2,19.278,69.221
poly_2,19.359,69.238
poly_2,19.547,69.214
poly_2,19.418,69.254
poly_2,19.372,69.376
poly_2,19.118,69.375
poly_2,19.056,69.433
poly_2,18.967,69.459
poly_2,18.997,69.51
poly_2,19.077,69.547
poly_2,19.165,69.554
poly_2,19.249,69.519
poly_2,19.179,69.572
poly_2,19.05,69.553
poly_2,19.008,69.529
poly_2,18.943,69.56
poly_2,18.944,69.627
poly_2,19.069,69.686
poly_2,19.13,69.748
poly_2,19.169,69.742
poly_2,19.274,69.779
poly_2,19.386,69.776
poly_2,19.659,69.816
poly_2,19.733,69.805
poly_2,19.668,69.756
poly_2,19.701,69.736
poly_2,19.656,69.67
poly_2,19.59,69.659
poly_2,19.636,69.655
poly_2,19.645,69.667
poly_2,19.739,69.642
poly_2,19.639,69.54
poly_2,19.636,69.501
poly_2,19.673,69.484
poly_2,19.508,69.403
poly_2,19.438,69.39
poly_2,19.508,69.395
poly_2,19.607,69.434
poly_2,19.645,69.41
poly_2,19.651,69.448
poly_2,19.733,69.487
poly_2,19.701,69.507
poly_2,19.758,69.587
poly_2,19.73,69.608
poly_2,19.788,69.613
poly_2,19.985,69.582
poly_2,20.145,69.582
poly_2,19.997,69.59
poly_2,19.84,69.619
poly_2,19.772,69.69
poly_2,19.846,69.731
poly_2,19.85,69.772
poly_2,19.901,69.782
poly_2,19.994,69.847
poly_2,19.955,69.772
poly_2,19.986,69.769
poly_2,20.137,69.94
poly_2,20.157,69.945
poly_2,20.151,69.896
poly_2,20.204,69.857
poly_2,20.17,69.89
poly_2,20.199,69.94
poly_2,20.262,69.976
poly_2,20.329,69.96
poly_2,20.393,69.878
poly_2,20.249,69.682
poly_2,20.35,69.639
poly_2,20.349,69.616
poly_2,20.309,69.585
poly_2,20.221,69.575
poly_2,20.226,69.548
poly_2,20.28,69.549
poly_2,20.222,69.527
poly_2,20.208,69.496
poly_2,20.255,69.495
poly_2,20.243,69.474
poly_2,20.199,69.453
poly_2,20.18,69.482
poly_2,20.148,69.403
poly_2,19.969,69.344
poly_2,19.901,69.274
poly_2,19.921,69.263
poly_2,20.065,69.351
poly_2,20.186,69.387
poly_2,20.236,69.38
poly_2,20.264,69.392
poly_2,20.255,69.417
poly_2,20.321,69.458
poly_2,20.418,69.592
poly_2,20.514,69.573
poly_2,20.537,69.545
poly_2,20.582,69.547
poly_2,20.638,69.517
poly_2,20.818,69.496
poly_2,20.768,69.523
poly_2,20.662,69.531
poly_2,20.482,69.614
poly_2,20.458,69.643
poly_2,20.527,69.709
poly_2,20.459,69.762
poly_2,20.709,69.793
poly_2,20.782,69.827
poly_2,20.767,69.883
poly_2,21.056,69.961
poly_2,21.071,69.942
poly_2,20.964,69.918
poly_2,20.843,69.854
poly_2,20.942,69.852
poly_2,20.902,69.822
poly_2,20.973,69.778
poly_2,21.05,69.793
poly_2,20.988,69.817
poly_2,21.058,69.839
poly_2,21.033,69.874
poly_2,21.191,69.88
poly_2,21.136,69.803
poly_2,21.224,69.85
poly_2,21.196,69.904
poly_2,21.308,69.899
poly_2,21.325,69.909
poly_2,21.184,69.935
poly_2,21.239,70.009
poly_2,21.332,70.021
poly_2,21.438,70.014
poly_2,21.567,69.951
poly_2,21.577,69.914
poly_2,21.881,69.843
poly_2,21.933,69.777
poly_2,22.032,69.771
poly_2,22.007,69.764
poly_2,22.057,69.739
poly_2,21.962,69.736
poly_2,22.059,69.722
poly_2,22.133,69.742
poly_2,22.03,69.767
poly_2,22.091,69.777
poly_2,21.977,69.821
poly_2,21.947,69.814
poly_2,21.888,69.837
poly_2,21.895,69.85
poly_2,21.95,69.838
poly_2,22.027,69.848
poly_2,21.906,69.876
poly_2,21.863,69.936
poly_2,21.923,69.952
poly_2,21.877,69.983
poly_2,21.968,69.993
poly_2,22.012,69.98
poly_2,21.978,69.946
poly_2,22.041,69.935
poly_2,22.007,70.013
poly_2,22.091,70.029
poly_2,21.864,70.01
poly_2,21.777,70.035
poly_2,21.863,70.062
poly_2,21.99,70.071
poly_2,22.07,70.128
poly_2,21.945,70.077
poly_2,21.841,70.073
poly_2,21.811,70.089
poly_2,21.816,70.066
poly_2,21.727,70.052
poly_2,21.59,70.084
poly_2,21.582,70.111
poly_2,21.556,70.091
poly_2,21.455,70.099
poly_2,21.403,70.146
poly_2,21.476,70.175
poly_2,21.327,70.155
poly_2,21.253,70.174
poly_2,21.215,70.208
poly_2,21.189,70.199
poly_2,21.18,70.23
poly_2,21.203,70.224
poly_2,21.288,70.256
poly_2,21.32,70.251
poly_2,21.414,70.274
poly_2,21.424,70.223
poly_2,21.491,70.194
poly_2,21.471,70.298
poly_2,21.513,70.318
poly_2,21.567,70.324
poly_2,21.565,70.287
poly_2,21.722,70.235
poly_2,21.715,70.216
poly_2,21.762,70.218
poly_2,21.859,70.14
poly_2,21.812,70.205
poly_2,21.871,70.216
poly_2,21.762,70.241
poly_2,21.954,70.33
poly_2,22.013,70.317
poly_2,21.952,70.277
poly_2,22.059,70.314
poly_2,22.095,70.303
poly_2,22.078,70.231
poly_2,22.149,70.288
poly_2,22.296,70.279
poly_2,22.271,70.23
poly_2,22.225,70.218
poly_2,22.272,70.223
poly_2,22.222,70.127
poly_2,22.27,70.135
poly_2,22.336,70.125
poly_2,22.34,70.14
poly_2,22.403,70.14
poly_2,22.539,70.113
poly_2,22.432,70.152
poly_2,22.291,70.162
poly_2,22.357,70.261
poly_2,22.511,70.244
poly_2,22.519,70.224
poly_2,22.555,70.233
poly_2,22.614,70.223
poly_2,22.583,70.203
poly_2,22.683,70.22
poly_2,22.961,70.197
poly_2,22.94,70.159
poly_2,22.905,70.163
poly_2,22.871,70.131
poly_2,22.8,70.117
poly_2,22.841,70.112
poly_2,22.593,70.077
poly_2,22.444,70.081
poly_2,22.271,70.039
poly_2,22.291,70.023
poly_2,22.396,70.056
poly_2,22.84,70.098
poly_2,23.005,70.143
poly_2,22.999,70.058
poly_2,22.953,70.042
poly_2,23.025,70.016
poly_2,23.074,70.033
poly_2,23.099,69.978
poly_2,23.143,69.975
poly_2,23.142,69.96
poly_2,23.054,69.948
poly_2,22.998,69.919
poly_2,23.097,69.947
poly_2,23.12,69.931
poly_2,23.241,69.966
poly_2,23.264,69.99
poly_2,23.3,69.993
poly_2,23.321,69.976
poly_2,23.388,69.983
poly_2,23.405,69.97
poly_2,23.474,69.981
poly_2,23.529,70.016
poly_2,23.504,70.025
poly_2,23.335,70.024
poly_2,23.132,70.085
poly_2,23.231,70.103
poly_2,23.346,70.099
poly_2,23.382,70.117
poly_2,23.266,70.174
poly_2,23.371,70.181
poly_2,23.242,70.189
poly_2,23.179,70.216
poly_2,23.503,70.239
poly_2,23.246,70.248
poly_2,23.359,70.268
poly_2,23.409,70.262
poly_2,23.378,70.281
poly_2,23.596,70.292
poly_2,23.476,70.302
poly_2,23.503,70.326
poly_2,23.432,70.312
poly_2,23.446,70.332
poly_2,23.634,70.41
poly_2,23.794,70.442
poly_2,23.773,70.465
poly_2,23.855,70.495
poly_2,24.046,70.512
poly_2,24.1,70.494
poly_2,24.271,70.478
poly_2,24.312,70.448
poly_2,24.306,70.481
poly_2,24.248,70.51
poly_2,24.091,70.54
poly_2,24.198,70.602
poly_2,24.234,70.599
poly_2,24.241,70.659
poly_2,24.282,70.66
poly_2,24.297,70.686
poly_2,24.362,70.697
poly_2,24.35,70.683
poly_2,24.461,70.683
poly_2,24.617,70.613
poly_2,24.693,70.628
poly_2,24.592,70.687
poly_2,24.673,70.694
poly_2,24.584,70.714
poly_2,24.543,70.708
poly_2,24.569,70.717
poly_2,24.508,70.729
poly_2,24.536,70.749
poly_2,24.35,70.751
poly_2,24.372,70.762
poly_2,24.242,70.779
poly_2,24.274,70.813
poly_2,24.242,70.84
poly_2,24.305,70.86
poly_2,24.346,70.85
poly_2,24.312,70.864
poly_2,24.351,70.878
poly_2,24.399,70.864
poly_2,24.389,70.847
poly_2,24.444,70.843
poly_2,24.434,70.823
poly_2,24.592,70.784
poly_2,24.624,70.794
poly_2,24.622,70.817
poly_2,24.567,70.825
poly_2,24.594,70.831
poly_2,24.559,70.868
poly_2,24.709,70.871
poly_2,24.549,70.901
poly_2,24.618,70.919
poly_2,24.546,70.925
poly_2,24.541,70.952
poly_2,24.651,70.961
poly_2,24.535,70.969
poly_2,24.622,70.992
poly_2,24.695,70.991
poly_2,24.673,70.963
poly_2,24.775,70.99
poly_2,24.759,70.965
poly_2,24.86,70.924
poly_2,24.811,70.915
poly_2,24.9,70.931
poly_2,24.952,70.92
poly_2,24.91,70.934
poly_2,24.955,70.974
poly_2,25.012,70.973
poly_2,25.03,70.93
poly_2,24.885,70.875
poly_2,25.029,70.867
poly_2,25.02,70.888
poly_2,25.115,70.93
poly_2,25.229,70.872
poly_2,25.232,70.797
poly_2,25.286,70.826
poly_2,25.339,70.81
poly_2,25.363,70.854
poly_2,25.318,70.865
poly_2,25.364,70.86
poly_2,25.395,70.887
poly_2,25.309,70.941
poly_2,25.328,70.98
poly_2,25.433,70.962
poly_2,25.547,70.914
poly_2,25.399,70.858
poly_2,25.446,70.86
poly_2,25.44,70.847
poly_2,25.615,70.908
poly_2,25.709,70.907
poly_2,25.73,70.862
poly_2,25.75,70.889
poly_2,25.826,70.902
poly_2,25.895,70.898
poly_2,25.83,70.868
poly_2,25.911,70.876
poly_2,25.776,70.827
poly_2,25.741,70.785
poly_2,25.619,70.774
poly_2,25.596,70.75
poly_2,25.619,70.742
poly_2,25.664,70.754
poly_2,25.668,70.743
poly_2,25.695,70.76
poly_2,25.685,70.731
poly_2,25.639,70.74
poly_2,25.467,70.675
poly_2,25.395,70.671
poly_2,25.313,70.603
poly_2,25.045,70.502
poly_2,25.222,70.528
poly_2,25.209,70.498
poly_2,25.058,70.488
poly_2,25.081,70.471
poly_2,25.213,70.481
poly_2,25.278,70.466
poly_2,25.228,70.462
poly_2,25.165,70.422
poly_2,25.245,70.411
poly_2,25.241,70.392
poly_2,25.172,70.39
poly_2,25.183,70.407
poly_2,25.147,70.403
poly_2,25.039,70.353
poly_2,25.124,70.363
poly_2,25.05,70.318
poly_2,25.175,70.33
poly_2,25.174,70.294
poly_2,25.115,70.292
poly_2,25.075,70.26
poly_2,24.936,70.231
poly_2,24.918,70.201
poly_2,24.96,70.173
poly_2,24.916,70.15
poly_2,24.914,70.087
poly_2,24.969,70.079
poly_2,24.969,70.088
poly_2,25.001,70.054
poly_2,25.038,70.083
poly_2,24.977,70.107
poly_2,25.03,70.154
poly_2,25.053,70.141
poly_2,25.084,70.163
poly_2,25.062,70.119
poly_2,25.116,70.14
poly_2,25.153,70.132
poly_2,25.058,70.113
poly_2,25.096,70.074
poly_2,25.154,70.066
poly_2,25.221,70.089
poly_2,25.304,70.199
poly_2,25.321,70.186
poly_2,25.402,70.222
poly_2,25.402,70.25
poly_2,25.504,70.283
poly_2,25.511,70.31
poly_2,25.383,70.327
poly_2,25.436,70.343
poly_2,25.439,70.366
poly_2,25.502,70.401
poly_2,25.529,70.388
poly_2,25.555,70.396
poly_2,25.534,70.406
poly_2,25.672,70.495
poly_2,25.981,70.607
poly_2,26.03,70.713
poly_2,26.076,70.731
poly_2,26.107,70.719
poly_2,26.131,70.767
poly_2,26.225,70.789
poly_2,26.535,70.944
poly_2,26.671,70.97
poly_2,26.705,70.966
poly_2,26.731,70.906
poly_2,26.653,70.855
poly_2,26.658,70.83
poly_2,26.728,70.842
poly_2,26.734,70.824
poly_2,26.672,70.778
poly_2,26.681,70.746
poly_2,26.33,70.654
poly_2,26.515,70.671
poly_2,26.593,70.659
poly_2,26.561,70.674
poly_2,26.627,70.688
poly_2,26.587,70.666
poly_2,26.64,70.646
poly_2,26.614,70.553
poly_2,26.546,70.513
poly_2,26.586,70.481
poly_2,26.513,70.437
poly_2,26.534,70.395
poly_2,26.48,70.361
poly_2,26.51,70.348
poly_2,26.57,70.388
poly_2,26.631,70.382
poly_2,26.63,70.401
poly_2,26.582,70.402
poly_2,26.625,70.432
poly_2,26.691,70.412
poly_2,26.734,70.42
poly_2,26.775,70.468
poly_2,26.745,70.489
poly_2,26.802,70.481
poly_2,26.819,70.496
poly_2,26.88,70.477
poly_2,26.936,70.487
poly_2,26.914,70.465
poly_2,26.959,70.455
poly_2,27.033,70.484
poly_2,27.097,70.467
poly_2,26.95,70.547
poly_2,27.014,70.556
poly_2,27.007,70.57
poly_2,26.943,70.577
poly_2,27.048,70.623
poly_2,27.057,70.611
poly_2,27.281,70.588
poly_2,27.077,70.645
poly_2,27.12,70.673
poly_2,27.165,70.665
poly_2,27.094,70.688
poly_2,27.206,70.666
poly_2,27.066,70.705
poly_2,27.111,70.756
poly_2,27.261,70.751
poly_2,27.324,70.734
poly_2,27.356,70.755
poly_2,27.27,70.765
poly_2,27.306,70.834
poly_2,27.506,70.807
poly_2,27.718,70.8
poly_2,27.456,70.839
poly_2,27.532,70.864
poly_2,27.461,70.873
poly_2,27.475,70.887
poly_2,27.371,70.88
poly_2,27.419,70.925
poly_2,27.321,70.891
poly_2,27.166,70.904
poly_2,27.101,70.932
poly_2,27.144,70.982
poly_2,27.356,70.946
poly_2,27.2,71.014
poly_2,27.282,71.045
poly_2,27.375,71.015
poly_2,27.43,71.024
poly_2,27.508,71.012
poly_2,27.514,70.961
poly_2,27.55,70.956
poly_2,27.574,71.013
poly_2,27.487,71.063
poly_2,27.561,71.106
poly_2,27.642,71.099
poly_2,27.646,71.133
poly_2,27.754,71.111
poly_2,27.684,71.06
poly_2,27.723,71.066
poly_2,27.715,71.049
poly_2,27.746,71.05
poly_2,27.803,71.073
poly_2,27.784,71.041
poly_2,27.808,71.047
poly_2,27.836,71.028
poly_2,27.837,71.045
poly_2,27.87,71.052
poly_2,27.888,71.038
poly_2,27.963,71.084
poly_2,27.98,71.055
poly_2,28.066,71.087
poly_2,28.067,71.047
poly_2,28.159,71.093
poly_2,28.246,71.086
poly_2,28.268,71.05
poly_2,28.167,71.034
poly_2,28.211,71.024
poly_2,28.17,70.982
poly_2,28.225,71.004
poly_2,28.179,70.959
poly_2,28.304,71.006
poly_2,28.301,70.996
poly_2,28.391,71.004
poly_2,28.513,70.991
poly_2,28.547,70.967
poly_2,28.474,70.891
poly_2,28.341,70.89
poly_2,28.458,70.876
poly_2,28.407,70.852
poly_2,28.326,70.853
poly_2,28.37,70.841
poly_2,28.35,70.826
poly_2,28.217,70.843
poly_2,28.312,70.813
poly_2,28.239,70.791
poly_2,28.107,70.794
poly_2,28.102,70.807
poly_2,28.073,70.79
poly_2,28.022,70.797
poly_2,28.019,70.825
poly_2,27.934,70.796
poly_2,27.733,70.801
poly_2,27.834,70.783
poly_2,27.761,70.745
poly_2,27.92,70.775
poly_2,28.025,70.763
poly_2,28.001,70.742
poly_2,28.057,70.759
poly_2,28.143,70.735
poly_2,28.018,70.695
poly_2,27.852,70.669
poly_2,27.877,70.655
poly_2,27.637,70.621
poly_2,27.902,70.637
poly_2,28.264,70.72
poly_2,28.301,70.698
poly_2,28.284,70.649
poly_2,28.202,70.595
poly_2,27.815,70.488
poly_2,27.857,70.485
poly_2,27.824,70.446
poly_2,27.857,70.437
poly_2,27.891,70.48
poly_2,27.951,70.5
poly_2,27.998,70.505
poly_2,27.911,70.459
poly_2,27.978,70.494
poly_2,27.994,70.48
poly_2,28.168,70.512
poly_2,28.183,70.494
poly_2,28.036,70.451
poly_2,28.044,70.422
poly_2,28.076,70.454
poly_2,28.249,70.512
poly_2,28.301,70.503
poly_2,28.371,70.515
poly_2,28.361,70.48
poly_2,28.455,70.512
poly_2,28.446,70.463
poly_2,28.505,70.454
poly_2,28.486,70.471
poly_2,28.547,70.506
poly_2,28.466,70.51
poly_2,28.393,70.543
poly_2,28.471,70.599
poly_2,28.506,70.685
poly_2,28.631,70.679
poly_2,28.559,70.694
poly_2,28.516,70.729
poly_2,28.668,70.781
poly_2,28.674,70.812
poly_2,28.832,70.878
poly_2,28.967,70.885
poly_2,28.983,70.869
poly_2,29.085,70.874
poly_2,29.137,70.85
poly_2,29.237,70.853
poly_2,29.274,70.827
poly_2,29.25,70.799
poly_2,29.395,70.785
poly_2,29.253,70.74
poly_2,29.272,70.727
poly_2,29.422,70.732
poly_2,29.286,70.711
poly_2,29.378,70.698
poly_2,29.244,70.67
poly_2,29.3,70.665
poly_2,29.247,70.657
poly_2,29.269,70.651
poly_2,29.385,70.699
poly_2,29.413,70.69
poly_2,29.554,70.705
poly_2,29.71,70.736
poly_2,29.804,70.727
poly_2,29.812,70.694
poly_2,29.791,70.658
poly_2,29.686,70.614
poly_2,29.827,70.639
poly_2,29.944,70.704
poly_2,30.081,70.708
poly_2,30.177,70.685
poly_2,30.203,70.669
poly_2,30.108,70.649
poly_2,30.246,70.642
poly_2,30.33,70.615
poly_2,30.324,70.593
poly_2,30.21,70.553
poly_2,30.081,70.55
poly_2,30.147,70.532
poly_2,29.997,70.537
poly_2,30.136,70.505
poly_2,30.382,70.552
poly_2,30.563,70.54
poly_2,30.62,70.551
poly_2,30.636,70.538
poly_2,30.567,70.505
poly_2,30.746,70.467
poly_2,30.725,70.43
poly_2,30.794,70.421
poly_2,30.855,70.443
poly_2,30.968,70.441
poly_2,31.031,70.396
poly_2,31.022,70.365
poly_2,31.055,70.361
poly_2,31.058,70.285
poly_2,30.982,70.285
poly_2,30.847,70.259
poly_2,30.745,70.26
poly_2,30.708,70.245
poly_2,30.524,70.242
poly_2,30.48,70.207
poly_2,30.369,70.199
poly_2,30.335,70.184
poly_2,30.363,70.138
poly_2,30.1,70.089
poly_2,30.168,70.069
poly_2,30.081,70.079
poly_2,29.83,70.061
poly_2,29.115,70.131
poly_2,29.018,70.123
poly_2,28.711,70.176
poly_2,28.558,70.17
poly_2,28.761,70.161
poly_2,28.578,70.112
poly_2,28.671,70.095
poly_2,28.794,70.109
poly_2,28.851,70.091
poly_2,28.737,70.097
poly_2,28.77,70.078
poly_2,28.911,70.076
poly_2,29.069,70.053
poly_2,29.109,70.06
poly_2,29.106,70.045
poly_2,29.181,70.035
poly_2,29.124,70.01
poly_2,29.279,70.011
poly_2,29.328,70.028
poly_2,29.377,70.006
poly_2,29.646,69.977
poly_2,29.64,69.951
poly_2,29.43,69.9
poly_2,29.417,69.871
poly_2,29.347,69.874
poly_2,29.352,69.862
poly_2,29.42,69.858
poly_2,29.533,69.918
poly_2,29.578,69.917
poly_2,29.574,69.899
poly_2,29.607,69.916
poly_2,29.686,69.899
poly_2,29.713,69.913
poly_2,29.763,69.881
poly_2,29.738,69.853
poly_2,29.779,69.83
poly_2,29.73,69.825
poly_2,29.761,69.815
poly_2,29.699,69.777
poly_2,29.62,69.766
poly_2,29.658,69.751
poly_2,29.616,69.751
poly_2,29.576,69.699
poly_2,29.394,69.701
poly_2,29.573,69.697
poly_2,29.489,69.659
poly_2,29.67,69.737
poly_2,29.776,69.748
poly_2,29.882,69.73
poly_2,29.952,69.767
poly_2,30.055,69.782
poly_2,30.077,69.769
poly_2,30.026,69.753
poly_2,30.036,69.738
poly_2,29.928,69.7
poly_2,29.896,69.704
poly_2,29.942,69.59
poly_2,29.925,69.7
poly_2,30.088,69.729
poly_2,30.131,69.666